tool,type,dataset,genome,ends,read_length,aligned,accuracy,overaligned,time,memory
strobealign-0.14.0,align,sim3,drosophila,se,50,96.5987,84.0243,1653,5.32,0.746361
strobealign-0.14.0,align,sim3,drosophila,se,75,99.3256,88.0061,1774,6.83,0.78606
strobealign-0.14.0,align,sim3,drosophila,se,100,99.5139,89.2606,1943,8.58,0.81329
strobealign-0.14.0,align,sim3,drosophila,se,150,99.7261,90.9113,2128,11.12,0.87067
strobealign-0.14.0,align,sim3,drosophila,se,200,99.7331,91.9736,2546,14.66,0.923351
strobealign-0.14.0,align,sim3,drosophila,se,300,99.6948,93.2605,3048,23.97,1.04083
strobealign-0.14.0,align,sim3,drosophila,se,500,99.5778,94.5874,4194,46.12,1.14198
strobealign-0.14.0,align,sim4,drosophila,se,50,91.9849,79.7552,3010,5.33,0.748009
strobealign-0.14.0,align,sim4,drosophila,se,75,97.5906,86.2608,3240,7.21,0.782131
strobealign-0.14.0,align,sim4,drosophila,se,100,98.1778,87.8591,3528,9.05,0.820187
strobealign-0.14.0,align,sim4,drosophila,se,150,99.0704,90.1778,4066,12.71,0.880131
strobealign-0.14.0,align,sim4,drosophila,se,200,99.3852,91.5417,4599,18.26,0.931137
strobealign-0.14.0,align,sim4,drosophila,se,300,99.425,92.8962,5720,33.63,1.05468
strobealign-0.14.0,align,sim4,drosophila,se,500,99.2182,94.1829,7801,74.32,1.16361
strobealign-0.14.0,align,sim5,drosophila,se,50,89.6078,77.5661,6066,5.41,0.750668
strobealign-0.14.0,align,sim5,drosophila,se,75,95.5804,84.3524,6477,7.35,0.783669
strobealign-0.14.0,align,sim5,drosophila,se,100,96.3252,85.9974,7107,9.76,0.820065
strobealign-0.14.0,align,sim5,drosophila,se,150,97.3895,88.482,8060,13.80,0.877403
strobealign-0.14.0,align,sim5,drosophila,se,200,98.1903,90.2358,9155,21.10,0.931664
strobealign-0.14.0,align,sim5,drosophila,se,300,98.8451,92.2346,11099,45.13,1.05423
strobealign-0.14.0,align,sim5,drosophila,se,500,98.5412,93.2275,14538,97.83,1.1786
strobealign-mcs-022a721,align,sim3,drosophila,se,50,99.6035,86.6533,1653,6.55,0.748344
strobealign-mcs-022a721,align,sim3,drosophila,se,75,99.7423,88.4035,1774,8.44,0.784748
strobealign-mcs-022a721,align,sim3,drosophila,se,100,99.7957,89.542,1943,9.53,0.815693
strobealign-mcs-022a721,align,sim3,drosophila,se,150,99.7841,90.9901,2128,12.41,0.880554
strobealign-mcs-022a721,align,sim3,drosophila,se,200,99.7441,91.999,2546,16.23,0.931713
strobealign-mcs-022a721,align,sim3,drosophila,se,300,99.6952,93.2868,3048,26.30,1.05408
strobealign-mcs-022a721,align,sim3,drosophila,se,500,99.5782,94.5844,4194,47.57,1.15142
strobealign-mcs-022a721,align,sim4,drosophila,se,50,98.8709,85.6069,3010,7.08,0.755653
strobealign-mcs-022a721,align,sim4,drosophila,se,75,99.3028,87.8348,3240,9.16,0.781662
strobealign-mcs-022a721,align,sim4,drosophila,se,100,99.6193,89.2197,3528,10.43,0.817833
strobealign-mcs-022a721,align,sim4,drosophila,se,150,99.5905,90.7266,4066,15.11,0.871365
strobealign-mcs-022a721,align,sim4,drosophila,se,200,99.539,91.6952,4599,21.09,0.940029
strobealign-mcs-022a721,align,sim4,drosophila,se,300,99.428,92.8856,5720,37.38,1.06629
strobealign-mcs-022a721,align,sim4,drosophila,se,500,99.2182,94.1764,7801,76.66,1.1745
strobealign-mcs-022a721,align,sim5,drosophila,se,50,97.2505,83.7886,6066,7.43,0.755692
strobealign-mcs-022a721,align,sim5,drosophila,se,75,97.7708,86.3811,6477,9.43,0.782173
strobealign-mcs-022a721,align,sim5,drosophila,se,100,98.7751,88.1519,7107,11.35,0.818218
strobealign-mcs-022a721,align,sim5,drosophila,se,150,99.1207,90.0544,8060,16.13,0.867748
strobealign-mcs-022a721,align,sim5,drosophila,se,200,99.0697,91.0327,9155,24.59,0.945164
strobealign-mcs-022a721,align,sim5,drosophila,se,300,98.8896,92.2739,11099,49.18,1.07849
strobealign-mcs-022a721,align,sim5,drosophila,se,500,98.5462,93.2592,14538,100.10,1.21778
bwamem,align,sim3,drosophila,se,50,99.5792,86.8397,1653,16.874,1.33538
bwamem,align,sim3,drosophila,se,75,99.7566,88.4978,1774,20.737,1.20385
bwamem,align,sim3,drosophila,se,100,99.7983,89.6202,1943,22.839,1.0313
bwamem,align,sim3,drosophila,se,150,99.7872,91.0335,2128,30.774,0.923473
bwamem,align,sim3,drosophila,se,200,99.7454,92.0125,2546,39.076,0.864563
bwamem,align,sim3,drosophila,se,300,99.6952,93.2682,3048,63.293,0.879601
bwamem,align,sim3,drosophila,se,500,99.5782,94.6564,4194,118.127,0.893425
bwamem,align,sim4,drosophila,se,50,98.3716,85.7279,3010,17.386,1.34591
bwamem,align,sim4,drosophila,se,75,99.327,88.006,3240,22.183,1.23934
bwamem,align,sim4,drosophila,se,100,99.5997,89.3406,3528,25.216,1.05841
bwamem,align,sim4,drosophila,se,150,99.5931,90.7956,4066,37.032,0.939018
bwamem,align,sim4,drosophila,se,200,99.5401,91.7618,4599,49.818,0.8685
bwamem,align,sim4,drosophila,se,300,99.428,92.9709,5720,85.317,0.88081
bwamem,align,sim4,drosophila,se,500,99.2182,94.2438,7801,161.680,0.89592
bwamem,align,sim5,drosophila,se,50,95.7617,83.3992,6066,17.643,1.33052
bwamem,align,sim5,drosophila,se,75,97.5165,86.3288,6477,23.087,1.23831
bwamem,align,sim5,drosophila,se,100,98.3283,88.0335,7107,25.358,1.06582
bwamem,align,sim5,drosophila,se,150,99.1255,90.1595,8060,38.062,0.949368
bwamem,align,sim5,drosophila,se,200,99.0785,91.1552,9155,50.993,0.876488
bwamem,align,sim5,drosophila,se,300,98.89,92.3194,11099,87.499,0.896023
bwamem,align,sim5,drosophila,se,500,98.5462,93.3263,14538,156.964,0.820889
minimap2,align,sim3,drosophila,se,50,92.1508,80.237,1653,10.600,1.31179
minimap2,align,sim3,drosophila,se,75,99.2447,87.9625,1774,13.159,1.34941
minimap2,align,sim3,drosophila,se,100,99.7442,89.4994,1943,13.980,1.27291
minimap2,align,sim3,drosophila,se,150,99.7854,91.0275,2128,17.248,1.24712
minimap2,align,sim3,drosophila,se,200,99.7451,92.028,2546,20.989,1.17548
minimap2,align,sim3,drosophila,se,300,99.6952,93.2637,3048,33.454,1.0966
minimap2,align,sim3,drosophila,se,500,99.5781,94.6323,4194,63.653,1.03572
minimap2,align,sim4,drosophila,se,50,83.8142,72.9015,3010,10.497,1.29187
minimap2,align,sim4,drosophila,se,75,97.3052,86.1319,3240,12.962,1.32952
minimap2,align,sim4,drosophila,se,100,99.2374,88.9428,3528,14.490,1.27197
minimap2,align,sim4,drosophila,se,150,99.5822,90.8064,4066,17.606,1.2419
minimap2,align,sim4,drosophila,se,200,99.5394,91.765,4599,20.946,1.17067
minimap2,align,sim4,drosophila,se,300,99.428,92.9367,5720,33.155,1.09356
minimap2,align,sim4,drosophila,se,500,99.2182,94.2627,7801,64.829,1.02869
minimap2,align,sim5,drosophila,se,50,81.2295,70.6112,6066,10.525,1.26341
minimap2,align,sim5,drosophila,se,75,95.1079,84.0773,6477,13.290,1.32681
minimap2,align,sim5,drosophila,se,100,97.5796,87.2804,7107,14.557,1.27286
minimap2,align,sim5,drosophila,se,150,98.912,89.9548,8060,17.422,1.23312
minimap2,align,sim5,drosophila,se,200,99.0614,91.1365,9155,21.638,1.18004
minimap2,align,sim5,drosophila,se,300,98.8895,92.3124,11099,34.360,1.0918
minimap2,align,sim5,drosophila,se,500,98.5462,93.2976,14538,59.794,1.0337
strobealign-0.14.0,map,sim3,drosophila,se,50,96.5987,83.4339,256,2.70,0.732143
strobealign-0.14.0,map,sim3,drosophila,se,75,99.3256,87.3618,416,3.53,0.75388
strobealign-0.14.0,map,sim3,drosophila,se,100,99.5139,88.5582,639,3.92,0.77494
strobealign-0.14.0,map,sim3,drosophila,se,150,99.7261,90.3876,966,4.66,0.817524
strobealign-0.14.0,map,sim3,drosophila,se,200,99.7331,91.4577,1363,5.70,0.86285
strobealign-0.14.0,map,sim3,drosophila,se,300,99.6948,92.8086,2123,8.54,0.949123
strobealign-0.14.0,map,sim3,drosophila,se,500,99.5778,94.0872,3611,10.45,0.996208
strobealign-0.14.0,map,sim4,drosophila,se,50,91.9849,79.0747,403,2.61,0.732201
strobealign-0.14.0,map,sim4,drosophila,se,75,97.5906,85.3282,756,3.31,0.753254
strobealign-0.14.0,map,sim4,drosophila,se,100,98.1778,86.8401,1099,3.66,0.774811
strobealign-0.14.0,map,sim4,drosophila,se,150,99.0704,89.3105,1675,4.36,0.817375
strobealign-0.14.0,map,sim4,drosophila,se,200,99.3852,90.644,2369,5.20,0.861164
strobealign-0.14.0,map,sim4,drosophila,se,300,99.425,92.0327,3938,7.70,0.949795
strobealign-0.14.0,map,sim4,drosophila,se,500,99.2182,93.197,6587,9.60,0.995972
strobealign-0.14.0,map,sim5,drosophila,se,50,89.6078,76.8779,772,2.56,0.732113
strobealign-0.14.0,map,sim5,drosophila,se,75,95.5804,83.4334,1443,3.37,0.754578
strobealign-0.14.0,map,sim5,drosophila,se,100,96.3252,84.9791,2116,3.55,0.775093
strobealign-0.14.0,map,sim5,drosophila,se,150,97.3895,87.556,3232,4.20,0.817101
strobealign-0.14.0,map,sim5,drosophila,se,200,98.1903,89.3052,4421,5.17,0.860992
strobealign-0.14.0,map,sim5,drosophila,se,300,98.8451,91.3044,7338,7.53,0.947815
strobealign-0.14.0,map,sim5,drosophila,se,500,98.5412,92.1662,11893,8.45,0.95187
strobealign-mcs-022a721,map,sim3,drosophila,se,50,99.6035,85.8457,552,3.80,0.733791
strobealign-mcs-022a721,map,sim3,drosophila,se,75,99.7423,87.7993,477,5.17,0.753746
strobealign-mcs-022a721,map,sim3,drosophila,se,100,99.7957,88.9232,897,5.37,0.773636
strobealign-mcs-022a721,map,sim3,drosophila,se,150,99.7841,90.4496,1118,6.66,0.818428
strobealign-mcs-022a721,map,sim3,drosophila,se,200,99.7441,91.4429,1551,7.89,0.862885
strobealign-mcs-022a721,map,sim3,drosophila,se,300,99.6952,92.8184,2273,11.08,0.949421
strobealign-mcs-022a721,map,sim3,drosophila,se,500,99.5782,94.1129,3764,13.19,0.997746
strobealign-mcs-022a721,map,sim4,drosophila,se,50,98.8709,84.2449,969,3.69,0.734512
strobealign-mcs-022a721,map,sim4,drosophila,se,75,99.3028,86.8757,905,4.95,0.753777
strobealign-mcs-022a721,map,sim4,drosophila,se,100,99.6193,88.2473,1597,5.21,0.776871
strobealign-mcs-022a721,map,sim4,drosophila,se,150,99.5905,89.8141,2055,6.61,0.81905
strobealign-mcs-022a721,map,sim4,drosophila,se,200,99.539,90.8082,2740,7.79,0.862099
strobealign-mcs-022a721,map,sim4,drosophila,se,300,99.428,92.0986,4261,10.87,0.95145
strobealign-mcs-022a721,map,sim4,drosophila,se,500,99.2182,93.2426,6935,12.52,0.996078
strobealign-mcs-022a721,map,sim5,drosophila,se,50,97.2505,82.3635,1945,3.66,0.732616
strobealign-mcs-022a721,map,sim5,drosophila,se,75,97.7708,85.361,1747,4.96,0.752285
strobealign-mcs-022a721,map,sim5,drosophila,se,100,98.7751,87.0503,3100,5.12,0.775482
strobealign-mcs-022a721,map,sim5,drosophila,se,150,99.1207,89.0068,3940,6.38,0.818977
strobealign-mcs-022a721,map,sim5,drosophila,se,200,99.0697,90.0266,5293,7.84,0.862015
strobealign-mcs-022a721,map,sim5,drosophila,se,300,98.8896,91.4041,8050,10.68,0.948818
strobealign-mcs-022a721,map,sim5,drosophila,se,500,98.5462,92.1939,12599,11.46,0.962811
minimap2,map,sim3,drosophila,se,50,92.1518,79.5481,178,5.162,1.02969
minimap2,map,sim3,drosophila,se,75,99.2447,87.2908,399,5.523,1.01846
minimap2,map,sim3,drosophila,se,100,99.7443,88.9176,660,6.678,0.979511
minimap2,map,sim3,drosophila,se,150,99.7854,90.57,1061,8.760,0.961571
minimap2,map,sim3,drosophila,se,200,99.7451,91.6701,1504,11.068,0.930595
minimap2,map,sim3,drosophila,se,300,99.6952,92.9997,2258,16.473,0.8755
minimap2,map,sim3,drosophila,se,500,99.5781,94.436,3765,30.323,0.858601
minimap2,map,sim4,drosophila,se,50,83.818,72.2533,274,5.272,1.03084
minimap2,map,sim4,drosophila,se,75,97.3055,85.3245,712,5.489,1.00663
minimap2,map,sim4,drosophila,se,100,99.2387,88.2033,1142,6.393,0.977039
minimap2,map,sim4,drosophila,se,150,99.5822,90.2003,1930,8.062,0.953053
minimap2,map,sim4,drosophila,se,200,99.5394,91.2908,2683,10.367,0.933132
minimap2,map,sim4,drosophila,se,300,99.428,92.5756,4202,15.219,0.871651
minimap2,map,sim4,drosophila,se,500,99.2182,93.99,6933,26.508,0.856319
minimap2,map,sim5,drosophila,se,50,81.2385,69.9573,496,5.040,1.00788
minimap2,map,sim5,drosophila,se,75,95.1085,83.3583,1371,5.316,1.01807
minimap2,map,sim5,drosophila,se,100,97.5811,86.6598,2219,6.496,0.979324
minimap2,map,sim5,drosophila,se,150,98.913,89.4396,3696,8.233,0.960323
minimap2,map,sim5,drosophila,se,200,99.0614,90.7024,5132,10.119,0.916695
minimap2,map,sim5,drosophila,se,300,98.8895,91.9941,7952,14.810,0.870083
minimap2,map,sim5,drosophila,se,500,98.5462,93.0724,12612,23.414,0.848267
strobealign-0.14.0,align,sim3,maize,se,50,96.4244,48.0752,1561,29.20,9.78297
strobealign-0.14.0,align,sim3,maize,se,75,99.0195,61.8245,1770,32.18,9.78904
strobealign-0.14.0,align,sim3,maize,se,100,99.516,70.5031,1878,31.80,9.79731
strobealign-0.14.0,align,sim3,maize,se,150,99.7324,81.2187,2195,34.72,9.81189
strobealign-0.14.0,align,sim3,maize,se,200,99.753,86.7521,2389,39.82,9.86145
strobealign-0.14.0,align,sim3,maize,se,300,99.6873,91.8069,3115,65.70,9.9786
strobealign-0.14.0,align,sim3,maize,se,500,99.5686,95.399,4307,97.70,8.3578
strobealign-0.14.0,align,sim4,maize,se,50,93.8463,44.9748,3148,27.92,9.78278
strobealign-0.14.0,align,sim4,maize,se,75,98.099,59.1555,3380,33.76,9.78904
strobealign-0.14.0,align,sim4,maize,se,100,98.7384,67.6694,3622,35.89,9.79734
strobealign-0.14.0,align,sim4,maize,se,150,99.2869,78.9445,4148,39.96,9.80463
strobealign-0.14.0,align,sim4,maize,se,200,99.4261,84.9215,4934,54.54,9.86612
strobealign-0.14.0,align,sim4,maize,se,300,99.4057,90.5812,5920,89.10,9.97262
strobealign-0.14.0,align,sim4,maize,se,500,99.2043,94.4401,7955,151.81,8.34729
strobealign-0.14.0,align,sim5,maize,se,50,91.5472,43.6054,6175,28.39,9.78296
strobealign-0.14.0,align,sim5,maize,se,75,96.1785,57.5045,6641,34.02,9.78909
strobealign-0.14.0,align,sim5,maize,se,100,97.0344,65.819,7257,37.05,9.79753
strobealign-0.14.0,align,sim5,maize,se,150,97.7801,76.8637,8206,43.56,9.80588
strobealign-0.14.0,align,sim5,maize,se,200,98.4484,83.2078,9236,60.29,9.87082
strobealign-0.14.0,align,sim5,maize,se,300,98.8337,89.4927,11322,111.31,9.9681
strobealign-0.14.0,align,sim5,maize,se,500,98.4439,93.3375,15553,224.83,8.33333
strobealign-mcs-022a721,align,sim3,maize,se,50,97.8307,49.3253,1561,37.39,9.76466
strobealign-mcs-022a721,align,sim3,maize,se,75,99.5736,62.1955,1770,38.43,9.78496
strobealign-mcs-022a721,align,sim3,maize,se,100,99.8044,70.9415,1878,33.53,9.78886
strobealign-mcs-022a721,align,sim3,maize,se,150,99.7755,81.3194,2195,42.48,9.80455
strobealign-mcs-022a721,align,sim3,maize,se,200,99.7575,86.8462,2389,51.58,9.85926
strobealign-mcs-022a721,align,sim3,maize,se,300,99.6878,92.0087,3115,74.32,9.979
strobealign-mcs-022a721,align,sim3,maize,se,500,99.5689,95.5631,4307,98.84,8.35656
strobealign-mcs-022a721,align,sim4,maize,se,50,97.7773,47.5734,3148,36.79,9.76461
strobealign-mcs-022a721,align,sim4,maize,se,75,99.2788,60.3005,3380,39.74,9.78474
strobealign-mcs-022a721,align,sim4,maize,se,100,99.6287,68.9778,3622,38.21,9.78874
strobealign-mcs-022a721,align,sim4,maize,se,150,99.5809,79.52,4148,50.26,9.80475
strobealign-mcs-022a721,align,sim4,maize,se,200,99.505,85.3071,4934,63.54,9.88039
strobealign-mcs-022a721,align,sim4,maize,se,300,99.4075,90.8353,5920,94.88,9.97299
strobealign-mcs-022a721,align,sim4,maize,se,500,99.2044,94.6569,7955,151.51,8.34084
strobealign-mcs-022a721,align,sim5,maize,se,50,96.8282,46.2716,6175,37.86,9.76461
strobealign-mcs-022a721,align,sim5,maize,se,75,97.8353,58.7456,6641,39.47,9.78474
strobealign-mcs-022a721,align,sim5,maize,se,100,99.0258,67.3546,7257,39.29,9.78891
strobealign-mcs-022a721,align,sim5,maize,se,150,99.1254,77.9877,8206,53.66,9.80466
strobealign-mcs-022a721,align,sim5,maize,se,200,99.065,83.9268,9236,70.80,9.86929
strobealign-mcs-022a721,align,sim5,maize,se,300,98.8673,89.771,11322,117.99,9.97242
strobealign-mcs-022a721,align,sim5,maize,se,500,98.4447,93.5804,15553,224.98,8.34267
bwamem,align,sim3,maize,se,50,99.6124,50.797,1561,98.497,13.416
bwamem,align,sim3,maize,se,75,99.7603,63.8201,1770,95.954,10.3014
bwamem,align,sim3,maize,se,100,99.8081,72.4989,1878,102.164,7.64948
bwamem,align,sim3,maize,se,150,99.7805,82.4973,2195,140.286,5.68969
bwamem,align,sim3,maize,se,200,99.7611,87.6817,2389,185.208,4.95617
bwamem,align,sim3,maize,se,300,99.6885,92.5609,3115,293.143,4.43011
bwamem,align,sim3,maize,se,500,99.5693,95.9732,4307,541.996,4.22894
bwamem,align,sim4,maize,se,50,98.5205,49.6154,3148,104.476,13.5149
bwamem,align,sim4,maize,se,75,99.3489,62.8248,3380,115.859,10.9077
bwamem,align,sim4,maize,se,100,99.5967,71.5074,3622,132.082,8.23613
bwamem,align,sim4,maize,se,150,99.585,81.6886,4148,195.011,6.11406
bwamem,align,sim4,maize,se,200,99.5066,87.0163,4934,265.834,5.26159
bwamem,align,sim4,maize,se,300,99.408,92.0306,5920,415.356,4.61117
bwamem,align,sim4,maize,se,500,99.2045,95.5088,7955,757.651,4.25398
bwamem,align,sim5,maize,se,50,95.932,48.0441,6175,104.317,13.3553
bwamem,align,sim5,maize,se,75,97.5522,61.1599,6641,116.068,10.9207
bwamem,align,sim5,maize,se,100,98.3521,69.8094,7257,134.270,8.34197
bwamem,align,sim5,maize,se,150,99.119,80.1978,8206,200.117,6.26157
bwamem,align,sim5,maize,se,200,99.0697,85.7072,9236,270.305,5.36256
bwamem,align,sim5,maize,se,300,98.8678,90.9797,11322,421.982,4.66729
bwamem,align,sim5,maize,se,500,98.4447,94.5559,15553,778.955,4.28898
minimap2,align,sim3,maize,se,50,88.585,45.561,1561,48.034,9.07917
minimap2,align,sim3,maize,se,75,97.2411,61.9235,1770,64.725,8.89816
minimap2,align,sim3,maize,se,100,98.7779,71.0801,1878,77.529,8.54531
minimap2,align,sim3,maize,se,150,99.4576,81.4509,2195,99.719,8.31767
minimap2,align,sim3,maize,se,200,99.6171,86.8545,2389,126.444,8.1369
minimap2,align,sim3,maize,se,300,99.6479,92.0642,3115,200.319,7.95932
minimap2,align,sim3,maize,se,500,99.5642,95.7526,4307,391.701,7.79591
minimap2,align,sim4,maize,se,50,82.5915,41.0722,3148,44.210,8.95378
minimap2,align,sim4,maize,se,75,95.9955,59.5654,3380,62.664,8.83739
minimap2,align,sim4,maize,se,100,98.4724,69.4438,3622,74.987,8.55457
minimap2,align,sim4,maize,se,150,99.3451,80.3013,4148,96.910,8.31152
minimap2,align,sim4,maize,se,200,99.4233,85.8874,4934,122.972,8.1409
minimap2,align,sim4,maize,se,300,99.3933,91.3508,5920,194.549,7.95355
minimap2,align,sim4,maize,se,500,99.2027,95.193,7955,382.251,7.79186
minimap2,align,sim5,maize,se,50,80.0567,39.6913,6175,45.387,8.90867
minimap2,align,sim5,maize,se,75,93.8454,57.7856,6641,60.066,8.80546
minimap2,align,sim5,maize,se,100,96.8175,67.6102,7257,74.586,8.52526
minimap2,align,sim5,maize,se,150,98.6352,78.7195,8206,96.673,8.30938
minimap2,align,sim5,maize,se,200,98.9494,84.6614,9236,123.115,8.13733
minimap2,align,sim5,maize,se,300,98.8462,90.2837,11322,195.503,7.95624
minimap2,align,sim5,maize,se,500,98.443,93.8576,15553,384.657,7.79364
strobealign-0.14.0,map,sim3,maize,se,50,96.4244,43.7613,269,23.95,9.78289
strobealign-0.14.0,map,sim3,maize,se,75,99.0195,56.6996,437,24.01,9.78912
strobealign-0.14.0,map,sim3,maize,se,100,99.516,65.1445,616,22.32,9.79736
strobealign-0.14.0,map,sim3,maize,se,150,99.7324,77.1221,972,21.76,9.80439
strobealign-0.14.0,map,sim3,maize,se,200,99.753,83.4503,1310,25.35,9.80566
strobealign-0.14.0,map,sim3,maize,se,300,99.6873,89.1819,2135,39.31,9.87725
strobealign-0.14.0,map,sim3,maize,se,500,99.5686,93.1743,3651,46.01,8.18067
strobealign-0.14.0,map,sim4,maize,se,50,93.8463,40.3554,429,21.18,9.78284
strobealign-0.14.0,map,sim4,maize,se,75,98.099,52.6961,883,22.90,9.78904
strobealign-0.14.0,map,sim4,maize,se,100,98.7384,60.512,1208,20.49,9.79733
strobealign-0.14.0,map,sim4,maize,se,150,99.2869,72.8637,1743,20.26,9.80442
strobealign-0.14.0,map,sim4,maize,se,200,99.4261,79.6312,2536,21.93,9.80573
strobealign-0.14.0,map,sim4,maize,se,300,99.4057,86.1282,4061,33.82,9.87611
strobealign-0.14.0,map,sim4,maize,se,500,99.2043,90.553,6774,38.74,8.18098
strobealign-0.14.0,map,sim5,maize,se,50,91.5472,39.1068,833,21.17,9.78297
strobealign-0.14.0,map,sim5,maize,se,75,96.1785,51.1771,1586,22.69,9.78904
strobealign-0.14.0,map,sim5,maize,se,100,97.0344,58.7319,2203,20.78,9.79736
strobealign-0.14.0,map,sim5,maize,se,150,97.7801,70.8091,3390,19.88,9.80439
strobealign-0.14.0,map,sim5,maize,se,200,98.4484,77.6617,4562,20.87,9.80585
strobealign-0.14.0,map,sim5,maize,se,300,98.8337,84.6116,7715,31.72,9.87691
strobealign-0.14.0,map,sim5,maize,se,500,98.4439,89.1274,13120,36.20,8.17862
strobealign-mcs-022a721,map,sim3,maize,se,50,97.8307,44.6644,945,30.98,9.76466
strobealign-mcs-022a721,map,sim3,maize,se,75,99.5736,56.9262,529,29.25,9.78474
strobealign-mcs-022a721,map,sim3,maize,se,100,99.8044,65.9238,1243,23.97,9.78873
strobealign-mcs-022a721,map,sim3,maize,se,150,99.7755,77.2651,1161,31.52,9.80471
strobealign-mcs-022a721,map,sim3,maize,se,200,99.7575,83.6602,1461,34.80,9.80348
strobealign-mcs-022a721,map,sim3,maize,se,300,99.6878,89.7671,2298,50.45,9.87762
strobealign-mcs-022a721,map,sim3,maize,se,500,99.5689,93.8291,3815,54.57,8.17924
strobealign-mcs-022a721,map,sim4,maize,se,50,97.7773,41.9941,1934,29.11,9.76453
strobealign-mcs-022a721,map,sim4,maize,se,75,99.2788,53.4427,1070,27.74,9.78477
strobealign-mcs-022a721,map,sim4,maize,se,100,99.6287,62.3152,2388,22.96,9.78887
strobealign-mcs-022a721,map,sim4,maize,se,150,99.5809,73.4569,2116,29.67,9.80476
strobealign-mcs-022a721,map,sim4,maize,se,200,99.505,80.1311,2936,32.68,9.8037
strobealign-mcs-022a721,map,sim4,maize,se,300,99.4075,86.9011,4386,45.24,9.87469
strobealign-mcs-022a721,map,sim4,maize,se,500,99.2044,91.4333,7073,49.12,8.18083
strobealign-mcs-022a721,map,sim5,maize,se,50,96.8282,40.7945,3853,28.34,9.76465
strobealign-mcs-022a721,map,sim5,maize,se,75,97.8353,52.0495,1931,26.64,9.78494
strobealign-mcs-022a721,map,sim5,maize,se,100,99.0258,60.6666,4582,22.20,9.78875
strobealign-mcs-022a721,map,sim5,maize,se,150,99.1254,71.7505,4133,28.74,9.80473
strobealign-mcs-022a721,map,sim5,maize,se,200,99.065,78.4474,5381,32.31,9.80351
strobealign-mcs-022a721,map,sim5,maize,se,300,98.8673,85.4173,8377,44.38,9.87904
strobealign-mcs-022a721,map,sim5,maize,se,500,98.4447,89.873,13782,48.91,8.18087
minimap2,map,sim3,maize,se,50,88.5855,40.4603,162,37.919,8.23657
minimap2,map,sim3,maize,se,75,97.2411,56.3248,397,47.471,8.13461
minimap2,map,sim3,maize,se,100,98.7781,65.8736,606,54.180,7.93991
minimap2,map,sim3,maize,se,150,99.4576,77.2688,1068,65.727,7.78538
minimap2,map,sim3,maize,se,200,99.6171,83.5804,1417,80.394,7.6784
minimap2,map,sim3,maize,se,300,99.6479,89.9199,2264,121.716,7.60632
minimap2,map,sim3,maize,se,500,99.5642,94.6181,3799,212.887,7.54904
minimap2,map,sim4,maize,se,50,82.594,36.2881,267,34.683,8.17844
minimap2,map,sim4,maize,se,75,95.9958,53.1697,782,44.896,8.10492
minimap2,map,sim4,maize,se,100,98.4727,63.1438,1212,47.564,7.93472
minimap2,map,sim4,maize,se,150,99.3451,75.0754,1928,60.666,7.77278
minimap2,map,sim4,maize,se,200,99.4233,81.6845,2831,73.616,7.67559
minimap2,map,sim4,maize,se,300,99.3933,88.5704,4330,109.158,7.59593
minimap2,map,sim4,maize,se,500,99.2027,93.707,7052,190.142,7.52805
minimap2,map,sim5,maize,se,50,80.061,35.0725,538,35.602,8.15535
minimap2,map,sim5,maize,se,75,93.8465,51.657,1405,43.114,8.08976
minimap2,map,sim5,maize,se,100,96.8192,61.6223,2188,48.044,7.92248
minimap2,map,sim5,maize,se,150,98.6365,73.7054,3781,59.476,7.77353
minimap2,map,sim5,maize,se,200,98.9497,80.6163,5133,71.772,7.6783
minimap2,map,sim5,maize,se,300,98.8462,87.6746,8233,105.718,7.59559
minimap2,map,sim5,maize,se,500,98.443,92.7503,13726,183.586,7.52509
strobealign-0.14.0,align,sim3,CHM13,se,50,96.3136,83.1318,1635,13.22,14.3766
strobealign-0.14.0,align,sim3,CHM13,se,75,99.1852,88.9224,1799,17.25,14.3727
strobealign-0.14.0,align,sim3,CHM13,se,100,99.5144,90.7257,1961,16.87,14.4059
strobealign-0.14.0,align,sim3,CHM13,se,150,99.7211,92.4103,2202,16.13,14.4716
strobealign-0.14.0,align,sim3,CHM13,se,200,99.7426,93.2543,2491,17.37,14.5241
strobealign-0.14.0,align,sim3,CHM13,se,300,99.693,94.1242,3065,29.98,14.643
strobealign-0.14.0,align,sim3,CHM13,se,500,99.582,95.1364,4178,47.84,11.2386
strobealign-0.14.0,align,sim4,CHM13,se,50,92.4598,78.4761,3109,13.38,14.3766
strobealign-0.14.0,align,sim4,CHM13,se,75,97.7539,86.684,3365,18.68,14.3786
strobealign-0.14.0,align,sim4,CHM13,se,100,98.3463,88.9494,3634,18.77,14.4093
strobealign-0.14.0,align,sim4,CHM13,se,150,99.0965,91.4378,4284,18.33,14.4654
strobealign-0.14.0,align,sim4,CHM13,se,200,99.3903,92.6523,4750,23.84,14.5287
strobealign-0.14.0,align,sim4,CHM13,se,300,99.416,93.6638,5818,39.75,14.6451
strobealign-0.14.0,align,sim4,CHM13,se,500,99.1864,94.5677,8135,76.45,11.2163
strobealign-0.14.0,align,sim5,CHM13,se,50,90.1021,76.3322,6329,13.77,14.3766
strobealign-0.14.0,align,sim5,CHM13,se,75,95.7346,84.6904,6738,17.83,14.3805
strobealign-0.14.0,align,sim5,CHM13,se,100,96.4928,86.9739,7209,18.39,14.4078
strobealign-0.14.0,align,sim5,CHM13,se,150,97.4265,89.7028,8287,20.93,14.4743
strobealign-0.14.0,align,sim5,CHM13,se,200,98.2076,91.3643,9339,27.56,14.5218
strobealign-0.14.0,align,sim5,CHM13,se,300,98.8331,93.0244,11205,50.15,14.6357
strobealign-0.14.0,align,sim5,CHM13,se,500,98.4823,93.7869,15170,116.03,11.2195
strobealign-mcs-022a721,align,sim3,CHM13,se,50,98.7966,85.2944,1635,19.29,14.4422
strobealign-mcs-022a721,align,sim3,CHM13,se,75,99.5804,89.3016,1799,22.21,14.3694
strobealign-mcs-022a721,align,sim3,CHM13,se,100,99.7993,90.9951,1961,18.93,14.4259
strobealign-mcs-022a721,align,sim3,CHM13,se,150,99.7793,92.4907,2202,19.70,14.4663
strobealign-mcs-022a721,align,sim3,CHM13,se,200,99.7501,93.2794,2491,22.10,14.5379
strobealign-mcs-022a721,align,sim3,CHM13,se,300,99.693,94.1627,3065,32.70,14.6265
strobealign-mcs-022a721,align,sim3,CHM13,se,500,99.582,95.164,4178,49.62,11.2187
strobealign-mcs-022a721,align,sim4,CHM13,se,50,98.7582,83.3514,3109,22.16,14.4422
strobealign-mcs-022a721,align,sim4,CHM13,se,75,99.283,88.1923,3365,22.34,14.3719
strobealign-mcs-022a721,align,sim4,CHM13,se,100,99.6321,90.2237,3634,20.34,14.4214
strobealign-mcs-022a721,align,sim4,CHM13,se,150,99.5703,91.9562,4284,22.06,14.463
strobealign-mcs-022a721,align,sim4,CHM13,se,200,99.5239,92.8123,4750,27.43,14.538
strobealign-mcs-022a721,align,sim4,CHM13,se,300,99.4178,93.7202,5818,43.20,14.645
strobealign-mcs-022a721,align,sim4,CHM13,se,500,99.1864,94.6102,8135,78.65,11.0533
strobealign-mcs-022a721,align,sim5,CHM13,se,50,98.1919,81.4535,6329,22.03,14.4422
strobealign-mcs-022a721,align,sim5,CHM13,se,75,97.8944,86.5654,6738,22.96,14.3694
strobealign-mcs-022a721,align,sim5,CHM13,se,100,99.1958,88.9948,7209,21.08,14.4278
strobealign-mcs-022a721,align,sim5,CHM13,se,150,99.1164,91.2282,8287,24.19,14.4767
strobealign-mcs-022a721,align,sim5,CHM13,se,200,99.0544,92.1846,9339,31.47,14.5339
strobealign-mcs-022a721,align,sim5,CHM13,se,300,98.8791,93.114,11205,53.94,14.6344
strobealign-mcs-022a721,align,sim5,CHM13,se,500,98.483,93.8382,15170,118.10,11.2376
bwamem,align,sim3,CHM13,se,50,99.5865,86.6397,1635,56.739,8.64321
bwamem,align,sim3,CHM13,se,75,99.7589,90.104,1799,59.910,7.83033
bwamem,align,sim3,CHM13,se,100,99.7967,91.4537,1961,63.704,7.05952
bwamem,align,sim3,CHM13,se,150,99.7798,92.7377,2202,95.837,6.41151
bwamem,align,sim3,CHM13,se,200,99.7509,93.4772,2491,122.042,6.12201
bwamem,align,sim3,CHM13,se,300,99.6935,94.3057,3065,191.554,5.84414
bwamem,align,sim3,CHM13,se,500,99.5822,95.3369,4178,335.968,5.75462
bwamem,align,sim4,CHM13,se,50,98.3829,85.1336,3109,56.860,8.64097
bwamem,align,sim4,CHM13,se,75,99.329,89.4593,3365,67.466,7.99588
bwamem,align,sim4,CHM13,se,100,99.592,91.0725,3634,77.383,7.20143
bwamem,align,sim4,CHM13,se,150,99.5712,92.4195,4284,117.325,6.53056
bwamem,align,sim4,CHM13,se,200,99.5249,93.1673,4750,162.373,6.23127
bwamem,align,sim4,CHM13,se,300,99.4182,93.9666,5818,265.375,5.92214
bwamem,align,sim4,CHM13,se,500,99.1865,94.8941,8135,466.643,5.75165
bwamem,align,sim5,CHM13,se,50,95.7834,82.7787,6329,54.745,8.55426
bwamem,align,sim5,CHM13,se,75,97.5036,87.642,6738,67.700,7.9924
bwamem,align,sim5,CHM13,se,100,98.3278,89.6509,7209,78.286,7.21099
bwamem,align,sim5,CHM13,se,150,99.1035,91.756,8287,118.250,6.57854
bwamem,align,sim5,CHM13,se,200,99.0609,92.5878,9339,165.553,6.27048
bwamem,align,sim5,CHM13,se,300,98.8795,93.376,11205,273.034,5.94583
bwamem,align,sim5,CHM13,se,500,98.483,94.1042,15170,497.407,5.77082
minimap2,align,sim3,CHM13,se,50,88.7886,78.9535,1635,41.910,11.8089
minimap2,align,sim3,CHM13,se,75,97.7537,88.5834,1799,45.865,11.6263
minimap2,align,sim3,CHM13,se,100,99.0562,90.7993,1961,53.092,11.5101
minimap2,align,sim3,CHM13,se,150,99.5374,92.4113,2202,61.014,11.489
minimap2,align,sim3,CHM13,se,200,99.6541,93.2449,2491,66.860,11.4286
minimap2,align,sim3,CHM13,se,300,99.6715,94.1656,3065,84.192,11.4742
minimap2,align,sim3,CHM13,se,500,99.5803,95.257,4178,112.094,11.4997
minimap2,align,sim4,CHM13,se,50,81.4369,71.4094,3109,39.999,11.676
minimap2,align,sim4,CHM13,se,75,96.0753,86.343,3365,44.443,11.6821
minimap2,align,sim4,CHM13,se,100,98.6136,89.8748,3634,51.505,11.5065
minimap2,align,sim4,CHM13,se,150,99.3679,91.9734,4284,57.431,11.4687
minimap2,align,sim4,CHM13,se,200,99.4564,92.8513,4750,71.870,11.4306
minimap2,align,sim4,CHM13,se,300,99.4058,93.7846,5818,78.417,11.4781
minimap2,align,sim4,CHM13,se,500,99.1859,94.7671,8135,114.273,11.4075
minimap2,align,sim5,CHM13,se,50,78.9161,69.2004,6329,39.604,11.7654
minimap2,align,sim5,CHM13,se,75,93.8282,84.1809,6738,43.104,11.6557
minimap2,align,sim5,CHM13,se,100,96.9053,88.1014,7209,50.829,11.5551
minimap2,align,sim5,CHM13,se,150,98.6702,91.164,8287,58.701,11.4924
minimap2,align,sim5,CHM13,se,200,98.9636,92.2537,9339,65.227,11.4336
minimap2,align,sim5,CHM13,se,300,98.8657,93.2208,11205,78.776,11.4638
minimap2,align,sim5,CHM13,se,500,98.4822,94.0204,15170,114.485,11.4241
strobealign-0.14.0,map,sim3,CHM13,se,50,96.3136,81.2233,244,10.17,14.3766
strobealign-0.14.0,map,sim3,CHM13,se,75,99.1852,87.4561,464,11.80,14.3654
strobealign-0.14.0,map,sim3,CHM13,se,100,99.5144,89.645,631,11.38,14.3683
strobealign-0.14.0,map,sim3,CHM13,se,150,99.7211,91.825,967,9.67,14.4076
strobealign-0.14.0,map,sim3,CHM13,se,200,99.7426,92.7215,1274,10.12,14.4528
strobealign-0.14.0,map,sim3,CHM13,se,300,99.693,93.5564,2091,13.44,14.5372
strobealign-0.14.0,map,sim3,CHM13,se,500,99.582,94.4095,3596,16.31,11.0571
strobealign-0.14.0,map,sim4,CHM13,se,50,92.4598,76.3786,431,9.08,14.3766
strobealign-0.14.0,map,sim4,CHM13,se,75,97.7539,84.6814,787,11.59,14.3654
strobealign-0.14.0,map,sim4,CHM13,se,100,98.3463,87.3682,1101,10.66,14.3676
strobealign-0.14.0,map,sim4,CHM13,se,150,99.0965,90.4956,1746,9.98,14.408
strobealign-0.14.0,map,sim4,CHM13,se,200,99.3903,91.8505,2386,10.13,14.4538
strobealign-0.14.0,map,sim4,CHM13,se,300,99.416,92.8648,4000,12.37,14.5396
strobealign-0.14.0,map,sim4,CHM13,se,500,99.1864,93.5666,6914,14.74,11.0589
strobealign-0.14.0,map,sim5,CHM13,se,50,90.1021,74.2916,829,8.35,14.3766
strobealign-0.14.0,map,sim5,CHM13,se,75,95.7346,82.719,1538,10.98,14.3652
strobealign-0.14.0,map,sim5,CHM13,se,100,96.4928,85.3624,2157,11.86,14.3687
strobealign-0.14.0,map,sim5,CHM13,se,150,97.4265,88.6673,3237,8.74,14.4076
strobealign-0.14.0,map,sim5,CHM13,se,200,98.2076,90.4427,4530,10.33,14.4545
strobealign-0.14.0,map,sim5,CHM13,se,300,98.8331,92.1606,7496,11.89,14.5383
strobealign-0.14.0,map,sim5,CHM13,se,500,98.4823,92.7446,12743,14.12,11.0583
strobealign-mcs-022a721,map,sim3,CHM13,se,50,98.7966,82.6694,1372,14.36,14.4422
strobealign-mcs-022a721,map,sim3,CHM13,se,75,99.5804,87.6961,629,17.64,14.3645
strobealign-mcs-022a721,map,sim3,CHM13,se,100,99.7993,89.9944,1714,12.42,14.3783
strobealign-mcs-022a721,map,sim3,CHM13,se,150,99.7793,91.8651,1192,13.34,14.4069
strobealign-mcs-022a721,map,sim3,CHM13,se,200,99.7501,92.7734,1485,14.56,14.4543
strobealign-mcs-022a721,map,sim3,CHM13,se,300,99.693,93.642,2248,17.49,14.5449
strobealign-mcs-022a721,map,sim3,CHM13,se,500,99.582,94.5214,3732,20.49,11.0573
strobealign-mcs-022a721,map,sim4,CHM13,se,50,98.7582,79.566,2614,13.48,14.4422
strobealign-mcs-022a721,map,sim4,CHM13,se,75,99.283,85.8877,1123,15.94,14.3645
strobealign-mcs-022a721,map,sim4,CHM13,se,100,99.6321,88.6171,3182,12.94,14.3822
strobealign-mcs-022a721,map,sim4,CHM13,se,150,99.5703,90.9856,2265,12.32,14.4059
strobealign-mcs-022a721,map,sim4,CHM13,se,200,99.5239,92.0196,2844,13.53,14.4541
strobealign-mcs-022a721,map,sim4,CHM13,se,300,99.4178,92.948,4369,18.15,14.5437
strobealign-mcs-022a721,map,sim4,CHM13,se,500,99.1864,93.6718,7253,19.90,11.0587
strobealign-mcs-022a721,map,sim5,CHM13,se,50,98.1919,77.6347,5307,13.67,14.4422
strobealign-mcs-022a721,map,sim5,CHM13,se,75,97.8944,84.2036,2234,15.12,14.3645
strobealign-mcs-022a721,map,sim5,CHM13,se,100,99.1958,87.0073,6236,12.64,14.3819
strobealign-mcs-022a721,map,sim5,CHM13,se,150,99.1164,90.0511,4282,12.91,14.4073
strobealign-mcs-022a721,map,sim5,CHM13,se,200,99.0544,91.2275,5452,12.48,14.4525
strobealign-mcs-022a721,map,sim5,CHM13,se,300,98.8791,92.3098,8230,17.03,14.5442
strobealign-mcs-022a721,map,sim5,CHM13,se,500,98.483,92.8442,13433,19.79,11.0567
minimap2,map,sim3,CHM13,se,50,88.7892,76.8908,167,34.116,11.5069
minimap2,map,sim3,CHM13,se,75,97.754,87.0175,440,38.108,11.3255
minimap2,map,sim3,CHM13,se,100,99.0564,89.7113,628,41.924,11.2667
minimap2,map,sim3,CHM13,se,150,99.5376,91.7156,1058,45.532,11.2813
minimap2,map,sim3,CHM13,se,200,99.6541,92.6685,1438,51.066,11.2098
minimap2,map,sim3,CHM13,se,300,99.6717,93.6883,2211,56.797,11.2636
minimap2,map,sim3,CHM13,se,500,99.5803,94.787,3725,69.671,11.3209
minimap2,map,sim4,CHM13,se,50,81.4398,69.4969,274,33.724,11.3961
minimap2,map,sim4,CHM13,se,75,96.0763,84.5586,726,37.269,11.3887
minimap2,map,sim4,CHM13,se,100,98.6145,88.5557,1128,39.334,11.262
minimap2,map,sim4,CHM13,se,150,99.3681,91.1295,1983,42.395,11.2423
minimap2,map,sim4,CHM13,se,200,99.4564,92.1693,2725,44.857,11.2123
minimap2,map,sim4,CHM13,se,300,99.4059,93.1969,4294,51.823,11.2621
minimap2,map,sim4,CHM13,se,500,99.1859,94.2034,7236,63.729,11.285
minimap2,map,sim5,CHM13,se,50,78.9254,67.3724,544,32.911,11.4918
minimap2,map,sim5,CHM13,se,75,93.8291,82.5262,1406,39.233,11.3682
minimap2,map,sim5,CHM13,se,100,96.9074,86.8875,2197,39.820,11.31
minimap2,map,sim5,CHM13,se,150,98.6709,90.3203,3715,41.858,11.2722
minimap2,map,sim5,CHM13,se,200,98.9637,91.5881,5221,45.736,11.2128
minimap2,map,sim5,CHM13,se,300,98.866,92.6531,8108,50.781,11.266
minimap2,map,sim5,CHM13,se,500,98.4823,93.4961,13391,62.893,11.2815
strobealign-0.14.0,align,sim3,rye,se,50,95.1928,45.8151,1655,29.34,33.3377
strobealign-0.14.0,align,sim3,rye,se,75,98.4406,60.7522,1731,34.58,33.3275
strobealign-0.14.0,align,sim3,rye,se,100,99.3463,70.094,1950,36.32,33.37
strobealign-0.14.0,align,sim3,rye,se,150,99.7309,81.2559,2228,38.13,33.4042
strobealign-0.14.0,align,sim3,rye,se,200,99.7494,86.6965,2458,46.61,33.4412
strobealign-0.14.0,align,sim3,rye,se,300,99.7016,91.2991,2978,70.79,33.4412
strobealign-0.14.0,align,sim3,rye,se,500,99.5917,94.2886,4083,98.93,24.9677
strobealign-0.14.0,align,sim4,rye,se,50,93.3337,42.6625,3140,29.97,33.3377
strobealign-0.14.0,align,sim4,rye,se,75,97.8054,57.5864,3507,36.59,33.3271
strobealign-0.14.0,align,sim4,rye,se,100,98.725,66.7424,3617,40.12,33.3698
strobealign-0.14.0,align,sim4,rye,se,150,99.3147,78.3845,4211,47.47,33.4042
strobealign-0.14.0,align,sim4,rye,se,200,99.473,84.489,4649,60.11,33.4412
strobealign-0.14.0,align,sim4,rye,se,300,99.4261,89.7643,5726,91.58,33.4414
strobealign-0.14.0,align,sim4,rye,se,500,99.2086,93.2636,7914,146.94,24.9676
strobealign-0.14.0,align,sim5,rye,se,50,91.0989,41.4166,6321,28.87,33.3377
strobealign-0.14.0,align,sim5,rye,se,75,95.9448,56.0026,6582,36.52,33.3273
strobealign-0.14.0,align,sim5,rye,se,100,97.0284,64.8647,7349,39.95,33.3701
strobealign-0.14.0,align,sim5,rye,se,150,97.8447,76.3539,8262,49.66,33.4042
strobealign-0.14.0,align,sim5,rye,se,200,98.4935,82.66,9311,66.88,33.4411
strobealign-0.14.0,align,sim5,rye,se,300,98.8404,88.5829,11311,112.09,33.4411
strobealign-0.14.0,align,sim5,rye,se,500,98.4533,92.1433,15461,203.20,24.9676
strobealign-mcs-022a721,align,sim3,rye,se,50,97.9858,46.8946,1655,38.55,33.2994
strobealign-mcs-022a721,align,sim3,rye,se,75,99.72,61.1039,1731,35.99,33.3721
strobealign-mcs-022a721,align,sim3,rye,se,100,99.8024,70.491,1950,36.87,33.4232
strobealign-mcs-022a721,align,sim3,rye,se,150,99.777,81.2718,2228,45.23,33.407
strobealign-mcs-022a721,align,sim3,rye,se,200,99.7542,86.8143,2458,55.98,33.4571
strobealign-mcs-022a721,align,sim3,rye,se,300,99.7022,91.5148,2978,76.02,33.4422
strobealign-mcs-022a721,align,sim3,rye,se,500,99.5917,94.4119,4083,100.24,25.0082
strobealign-mcs-022a721,align,sim4,rye,se,50,98.0661,44.8805,3140,37.90,33.2992
strobealign-mcs-022a721,align,sim4,rye,se,75,99.4371,58.7507,3507,40.91,33.3723
strobealign-mcs-022a721,align,sim4,rye,se,100,99.6364,67.929,3617,41.23,33.4229
strobealign-mcs-022a721,align,sim4,rye,se,150,99.5783,78.8773,4211,53.10,33.4031
strobealign-mcs-022a721,align,sim4,rye,se,200,99.5351,84.8656,4649,70.29,33.4572
strobealign-mcs-022a721,align,sim4,rye,se,300,99.4274,90.1346,5726,96.03,33.4421
strobealign-mcs-022a721,align,sim4,rye,se,500,99.2086,93.4565,7914,145.97,25.0082
strobealign-mcs-022a721,align,sim5,rye,se,50,97.5622,43.6516,6321,37.75,33.2993
strobealign-mcs-022a721,align,sim5,rye,se,75,98.1018,57.2285,6582,40.75,33.3721
strobealign-mcs-022a721,align,sim5,rye,se,100,99.1696,66.325,7349,45.33,33.423
strobealign-mcs-022a721,align,sim5,rye,se,150,99.1429,77.3142,8262,54.21,33.407
strobealign-mcs-022a721,align,sim5,rye,se,200,99.0594,83.4036,9311,76.13,33.4572
strobealign-mcs-022a721,align,sim5,rye,se,300,98.8687,89.008,11311,119.96,33.4421
strobealign-mcs-022a721,align,sim5,rye,se,500,98.4539,92.3936,15461,201.19,25.0083
bwamem,align,sim3,rye,se,50,99.6162,48.866,1655,135.124,22.719
bwamem,align,sim3,rye,se,75,99.7679,63.4266,1731,125.855,19.2489
bwamem,align,sim3,rye,se,100,99.8008,72.8129,1950,135.287,16.3369
bwamem,align,sim3,rye,se,150,99.7772,83.0914,2228,183.415,14.1686
bwamem,align,sim3,rye,se,200,99.7542,88.0785,2458,238.811,13.3658
bwamem,align,sim3,rye,se,300,99.7022,92.3377,2978,367.389,12.7801
bwamem,align,sim3,rye,se,500,99.5917,94.8794,4083,650.944,12.5526
bwamem,align,sim4,rye,se,50,98.5687,47.4363,3140,134.618,22.3017
bwamem,align,sim4,rye,se,75,99.3511,62.1277,3507,142.513,19.4907
bwamem,align,sim4,rye,se,100,99.6019,71.5463,3617,166.711,16.7425
bwamem,align,sim4,rye,se,150,99.5785,82.1711,4211,243.138,14.5823
bwamem,align,sim4,rye,se,200,99.5351,87.3826,4649,331.703,13.7007
bwamem,align,sim4,rye,se,300,99.4274,91.8334,5726,510.514,12.9852
bwamem,align,sim4,rye,se,500,99.2086,94.4707,7914,900.586,12.5987
bwamem,align,sim5,rye,se,50,96.0391,46.0166,6321,140.381,22.0744
bwamem,align,sim5,rye,se,75,97.5699,60.4524,6582,143.671,19.4666
bwamem,align,sim5,rye,se,100,98.3485,69.8861,7349,169.087,16.8397
bwamem,align,sim5,rye,se,150,99.1179,80.6512,8262,246.525,14.7346
bwamem,align,sim5,rye,se,200,99.065,85.961,9311,337.914,13.8202
bwamem,align,sim5,rye,se,300,98.8689,90.7772,11311,520.919,13.047
bwamem,align,sim5,rye,se,500,98.4539,93.5747,15461,921.441,12.6368
minimap2,align,sim3,rye,se,50,83.158,43.0744,1655,63.766,20.811
minimap2,align,sim3,rye,se,75,93.9857,60.5671,1731,84.945,20.7084
minimap2,align,sim3,rye,se,100,96.962,70.5512,1950,98.080,20.3933
minimap2,align,sim3,rye,se,150,98.9008,81.2818,2228,123.034,20.1317
minimap2,align,sim3,rye,se,200,99.44,86.5521,2458,143.785,19.9564
minimap2,align,sim3,rye,se,300,99.6498,91.4221,2978,208.900,19.8384
minimap2,align,sim3,rye,se,500,99.5894,94.5048,4083,380.911,19.7136
minimap2,align,sim4,rye,se,50,78.4107,38.7319,3140,62.620,20.7369
minimap2,align,sim4,rye,se,75,93.2531,57.9022,3507,79.323,20.6546
minimap2,align,sim4,rye,se,100,96.9609,68.4314,3617,95.779,20.3982
minimap2,align,sim4,rye,se,150,98.9194,79.6558,4211,120.601,20.1484
minimap2,align,sim4,rye,se,200,99.3333,85.352,4649,143.735,19.9733
minimap2,align,sim4,rye,se,300,99.405,90.5578,5726,213.411,19.8169
minimap2,align,sim4,rye,se,500,99.2081,93.9062,7914,388.418,19.6874
minimap2,align,sim5,rye,se,50,76.088,37.4636,6321,62.296,20.668
minimap2,align,sim5,rye,se,75,91.0783,56.1209,6582,82.014,20.6232
minimap2,align,sim5,rye,se,100,95.2677,66.5677,7349,96.211,20.3805
minimap2,align,sim5,rye,se,150,98.1608,78.1254,8262,121.327,20.1466
minimap2,align,sim5,rye,se,200,98.7847,84.0076,9311,145.452,19.9768
minimap2,align,sim5,rye,se,300,98.8365,89.3986,11311,210.096,19.8239
minimap2,align,sim5,rye,se,500,98.453,92.6134,15461,384.798,19.667
strobealign-0.14.0,map,sim3,rye,se,50,95.1928,41.127,284,23.21,33.3377
strobealign-0.14.0,map,sim3,rye,se,75,98.4406,54.9403,450,23.88,33.3274
strobealign-0.14.0,map,sim3,rye,se,100,99.3463,64.1272,676,22.94,33.3701
strobealign-0.14.0,map,sim3,rye,se,150,99.7309,76.744,992,23.60,33.4041
strobealign-0.14.0,map,sim3,rye,se,200,99.7494,83.1689,1339,27.10,33.4372
strobealign-0.14.0,map,sim3,rye,se,300,99.7016,88.4705,2064,40.76,33.4412
strobealign-0.14.0,map,sim3,rye,se,500,99.5917,92.3715,3549,45.26,24.9678
strobealign-0.14.0,map,sim4,rye,se,50,93.3337,37.6405,410,20.82,33.3375
strobealign-0.14.0,map,sim4,rye,se,75,97.8054,50.6003,873,22.22,33.3273
strobealign-0.14.0,map,sim4,rye,se,100,98.725,58.9625,1130,22.44,33.3701
strobealign-0.14.0,map,sim4,rye,se,150,99.3147,72.0171,1771,21.28,33.4041
strobealign-0.14.0,map,sim4,rye,se,200,99.473,79.1487,2360,23.10,33.4407
strobealign-0.14.0,map,sim4,rye,se,300,99.4261,85.4018,3939,34.01,33.4412
strobealign-0.14.0,map,sim4,rye,se,500,99.2086,89.9476,6692,38.59,24.9677
strobealign-0.14.0,map,sim5,rye,se,50,91.0989,36.5354,868,20.97,33.3377
strobealign-0.14.0,map,sim5,rye,se,75,95.9448,49.1267,1585,22.50,33.3272
strobealign-0.14.0,map,sim5,rye,se,100,97.0284,57.329,2246,21.38,33.37
strobealign-0.14.0,map,sim5,rye,se,150,97.8447,70.058,3379,19.88,33.4039
strobealign-0.14.0,map,sim5,rye,se,200,98.4935,77.0312,4599,22.31,33.441
strobealign-0.14.0,map,sim5,rye,se,300,98.8404,83.8946,7500,31.49,33.4412
strobealign-0.14.0,map,sim5,rye,se,500,98.4533,88.4658,12965,37.35,24.9676
strobealign-mcs-022a721,map,sim3,rye,se,50,97.9858,41.7799,1445,30.60,33.2994
strobealign-mcs-022a721,map,sim3,rye,se,75,99.72,54.9331,586,26.48,33.372
strobealign-mcs-022a721,map,sim3,rye,se,100,99.8024,64.7358,1638,24.50,33.423
strobealign-mcs-022a721,map,sim3,rye,se,150,99.777,76.7588,1196,30.00,33.407
strobealign-mcs-022a721,map,sim3,rye,se,200,99.7542,83.4207,1511,35.18,33.4571
strobealign-mcs-022a721,map,sim3,rye,se,300,99.7022,89.164,2219,51.52,33.4421
strobealign-mcs-022a721,map,sim3,rye,se,500,99.5917,92.8824,3676,54.39,25.0083
strobealign-mcs-022a721,map,sim4,rye,se,50,98.0661,38.7606,2724,27.77,33.2994
strobealign-mcs-022a721,map,sim4,rye,se,75,99.4371,51.1004,1171,24.85,33.3723
strobealign-mcs-022a721,map,sim4,rye,se,100,99.6364,60.5279,3108,22.64,33.423
strobealign-mcs-022a721,map,sim4,rye,se,150,99.5783,72.4088,2193,27.48,33.407
strobealign-mcs-022a721,map,sim4,rye,se,200,99.5351,79.6645,2726,34.96,33.4571
strobealign-mcs-022a721,map,sim4,rye,se,300,99.4274,86.2703,4262,47.82,33.4422
strobealign-mcs-022a721,map,sim4,rye,se,500,99.2086,90.6632,7006,52.05,25.0083
strobealign-mcs-022a721,map,sim5,rye,se,50,97.5622,37.7108,5440,27.73,33.2994
strobealign-mcs-022a721,map,sim5,rye,se,75,98.1018,49.7405,2126,24.30,33.3722
strobealign-mcs-022a721,map,sim5,rye,se,100,99.1696,58.9858,6265,23.23,33.4231
strobealign-mcs-022a721,map,sim5,rye,se,150,99.1429,70.7229,4274,27.67,33.4072
strobealign-mcs-022a721,map,sim5,rye,se,200,99.0594,77.8418,5412,34.68,33.4572
strobealign-mcs-022a721,map,sim5,rye,se,300,98.8687,84.7584,8207,45.62,33.4421
strobealign-mcs-022a721,map,sim5,rye,se,500,98.4539,89.1934,13671,50.44,25.0083
minimap2,map,sim3,rye,se,50,83.1584,37.6356,170,54.092,20.0332
minimap2,map,sim3,rye,se,75,93.9857,54.2032,385,65.928,19.9757
minimap2,map,sim3,rye,se,100,96.9621,64.3684,636,69.653,19.8189
minimap2,map,sim3,rye,se,150,98.9008,76.1801,1063,78.626,19.663
minimap2,map,sim3,rye,se,200,99.44,82.5796,1424,87.048,19.5648
minimap2,map,sim3,rye,se,300,99.6498,88.956,2155,112.501,19.5304
minimap2,map,sim3,rye,se,500,99.5894,93.3065,3661,176.691,19.493
minimap2,map,sim4,rye,se,50,78.4125,33.6447,241,53.399,20.0131
minimap2,map,sim4,rye,se,75,93.2534,50.8652,751,60.747,19.9485
minimap2,map,sim4,rye,se,100,96.9614,61.2776,1101,65.830,19.8222
minimap2,map,sim4,rye,se,150,98.9194,73.5246,1923,70.267,19.6655
minimap2,map,sim4,rye,se,200,99.3333,80.4533,2577,79.643,19.567
minimap2,map,sim4,rye,se,300,99.405,87.4078,4149,101.795,19.5044
minimap2,map,sim4,rye,se,500,99.2081,92.3242,6959,161.103,19.4777
minimap2,map,sim5,rye,se,50,76.0931,32.5545,511,51.351,19.9636
minimap2,map,sim5,rye,se,75,91.0792,49.3662,1362,60.662,19.9341
minimap2,map,sim5,rye,se,100,95.2685,59.7067,2196,63.652,19.8137
minimap2,map,sim5,rye,se,150,98.1613,72.2177,3723,69.592,19.6662
minimap2,map,sim5,rye,se,200,98.7851,79.2714,5091,78.450,19.5709
minimap2,map,sim5,rye,se,300,98.8365,86.3598,8001,100.480,19.5034
minimap2,map,sim5,rye,se,500,98.453,91.3061,13550,157.049,19.4465
strobealign-0.14.0,align,sim3,drosophila,pe,50,99.68485,90.3354,3262,14.82,0.957256
strobealign-0.14.0,align,sim3,drosophila,pe,75,99.8138,91.6398,3577,16.35,1.01083
strobealign-0.14.0,align,sim3,drosophila,pe,100,99.8043,92.37945,3873,18.54,1.01779
strobealign-0.14.0,align,sim3,drosophila,pe,150,99.78395,93.2242,4299,23.47,1.13678
strobealign-0.14.0,align,sim3,drosophila,pe,200,99.74355,93.52555,5116,30.16,1.25226
strobealign-0.14.0,align,sim3,drosophila,pe,300,99.69515,95.38125,6097,48.87,1.4626
strobealign-0.14.0,align,sim3,drosophila,pe,500,99.5807,95.73155,8336,93.86,1.75853
strobealign-0.14.0,align,sim4,drosophila,pe,50,98.87295,89.43415,6008,15.79,0.934013
strobealign-0.14.0,align,sim4,drosophila,pe,75,99.61345,91.3445,6411,17.56,0.983639
strobealign-0.14.0,align,sim4,drosophila,pe,100,99.62255,92.11185,6989,20.33,1.01698
strobealign-0.14.0,align,sim4,drosophila,pe,150,99.5896,92.93845,8122,26.58,1.15241
strobealign-0.14.0,align,sim4,drosophila,pe,200,99.5448,93.26665,9089,35.38,1.2692
strobealign-0.14.0,align,sim4,drosophila,pe,300,99.43065,95.03055,11387,66.73,1.486
strobealign-0.14.0,align,sim4,drosophila,pe,500,99.21995,95.29595,15566,149.04,1.73568
strobealign-0.14.0,align,sim5,drosophila,pe,50,97.05785,87.58535,12134,15.81,0.925884
strobealign-0.14.0,align,sim5,drosophila,pe,75,98.4902,90.1271,12919,17.91,1.00097
strobealign-0.14.0,align,sim5,drosophila,pe,100,98.9495,91.27745,14215,21.24,1.04362
strobealign-0.14.0,align,sim5,drosophila,pe,150,99.14305,92.34365,16169,28.95,1.17388
strobealign-0.14.0,align,sim5,drosophila,pe,200,99.0584,92.6491,18322,41.72,1.26462
strobealign-0.14.0,align,sim5,drosophila,pe,300,98.86755,94.42885,22644,89.10,1.48055
strobealign-0.14.0,align,sim5,drosophila,pe,500,98.5458,94.46245,29084,194.15,1.64632
strobealign-mcs-022a721,align,sim3,drosophila,pe,50,99.80845,90.49635,3262,16.95,0.953197
strobealign-mcs-022a721,align,sim3,drosophila,pe,75,99.8173,91.67255,3577,20.15,0.98138
strobealign-mcs-022a721,align,sim3,drosophila,pe,100,99.80545,92.4203,3873,20.92,1.01097
strobealign-mcs-022a721,align,sim3,drosophila,pe,150,99.7841,93.2202,4299,28.05,1.11882
strobealign-mcs-022a721,align,sim3,drosophila,pe,200,99.7439,93.56075,5116,35.16,1.21228
strobealign-mcs-022a721,align,sim3,drosophila,pe,300,99.69515,95.37105,6097,54.68,1.44629
strobealign-mcs-022a721,align,sim3,drosophila,pe,500,99.58075,95.747,8336,94.94,1.74237
strobealign-mcs-022a721,align,sim4,drosophila,pe,50,99.555,90.09435,6008,17.69,0.946743
strobealign-mcs-022a721,align,sim4,drosophila,pe,75,99.6653,91.4323,6411,21.12,0.9888
strobealign-mcs-022a721,align,sim4,drosophila,pe,100,99.6501,92.1335,6989,22.84,1.01001
strobealign-mcs-022a721,align,sim4,drosophila,pe,150,99.59355,92.962,8122,31.11,1.11028
strobealign-mcs-022a721,align,sim4,drosophila,pe,200,99.54555,93.3136,9089,42.49,1.23256
strobealign-mcs-022a721,align,sim4,drosophila,pe,300,99.43065,95.029,11387,73.10,1.45243
strobealign-mcs-022a721,align,sim4,drosophila,pe,500,99.21995,95.32545,15566,156.03,1.76175
strobealign-mcs-022a721,align,sim5,drosophila,pe,50,98.24625,88.52875,12134,18.42,0.930553
strobealign-mcs-022a721,align,sim5,drosophila,pe,75,98.65375,90.3218,12919,22.14,0.969891
strobealign-mcs-022a721,align,sim5,drosophila,pe,100,99.1252,91.4404,14215,24.59,1.02189
strobealign-mcs-022a721,align,sim5,drosophila,pe,150,99.1855,92.42415,16169,34.24,1.11033
strobealign-mcs-022a721,align,sim5,drosophila,pe,200,99.08195,92.68065,18322,50.16,1.13733
strobealign-mcs-022a721,align,sim5,drosophila,pe,300,98.86775,94.43295,22644,98.98,1.46802
strobealign-mcs-022a721,align,sim5,drosophila,pe,500,98.5458,94.4707,29084,209.51,1.6158
bwamem,align,sim3,drosophila,pe,50,99.7669,90.4915,3262,35.244,2.07556
bwamem,align,sim3,drosophila,pe,75,99.8128,91.73235,3577,40.279,1.50774
bwamem,align,sim3,drosophila,pe,100,99.80635,92.42745,3873,44.752,1.19807
bwamem,align,sim3,drosophila,pe,150,99.78505,93.2454,4299,61.967,0.966908
bwamem,align,sim3,drosophila,pe,200,99.7442,93.56395,5116,82.069,0.878654
bwamem,align,sim3,drosophila,pe,300,99.69515,95.4086,6097,134.053,0.847363
bwamem,align,sim3,drosophila,pe,500,99.58065,95.73675,8336,249.088,0.835838
bwamem,align,sim4,drosophila,pe,50,99.3206,90.01905,6008,36.701,2.09277
bwamem,align,sim4,drosophila,pe,75,99.62745,91.41475,6411,44.215,1.54767
bwamem,align,sim4,drosophila,pe,100,99.64935,92.183,6989,50.463,1.22871
bwamem,align,sim4,drosophila,pe,150,99.5939,92.9699,8122,74.438,0.988773
bwamem,align,sim4,drosophila,pe,200,99.54555,93.28015,9089,102.688,0.893055
bwamem,align,sim4,drosophila,pe,300,99.43065,95.0347,11387,175.358,0.84893
bwamem,align,sim4,drosophila,pe,500,99.21995,95.33095,15566,334.046,0.836693
bwamem,align,sim5,drosophila,pe,50,97.44005,88.0996,12134,36.857,2.06741
bwamem,align,sim5,drosophila,pe,75,98.35265,90.063,12919,44.373,1.54517
bwamem,align,sim5,drosophila,pe,100,98.8894,91.25295,14215,51.584,1.23557
bwamem,align,sim5,drosophila,pe,150,99.18135,92.3238,16169,75.751,0.99802
bwamem,align,sim5,drosophila,pe,200,99.07855,92.5206,18322,105.726,0.903938
bwamem,align,sim5,drosophila,pe,300,98.86775,94.19565,22644,183.021,0.865139
bwamem,align,sim5,drosophila,pe,500,98.5458,94.35745,29084,323.146,0.868443
minimap2,align,sim3,drosophila,pe,50,97.7945,88.31245,3262,17.780,1.78746
minimap2,align,sim3,drosophila,pe,75,99.6926,91.3942,3577,20.605,1.65613
minimap2,align,sim3,drosophila,pe,100,99.79365,92.2979,3873,23.199,1.46306
minimap2,align,sim3,drosophila,pe,150,99.78415,93.21025,4299,30.813,1.23136
minimap2,align,sim3,drosophila,pe,200,99.74415,93.4795,5116,46.178,1.17302
minimap2,align,sim3,drosophila,pe,300,99.6951,95.29185,6097,54.928,1.12575
minimap2,align,sim3,drosophila,pe,500,99.5806,95.4867,8336,147.175,1.24279
minimap2,align,sim4,drosophila,pe,50,94.1595,84.88995,6008,17.471,1.75897
minimap2,align,sim4,drosophila,pe,75,99.04195,90.6511,6411,20.584,1.64612
minimap2,align,sim4,drosophila,pe,100,99.5591,92.02535,6989,23.972,1.48872
minimap2,align,sim4,drosophila,pe,150,99.5915,92.9701,8122,30.216,1.26836
minimap2,align,sim4,drosophila,pe,200,99.54535,93.2299,9089,45.350,1.1908
minimap2,align,sim4,drosophila,pe,300,99.43065,94.91995,11387,55.329,1.12276
minimap2,align,sim4,drosophila,pe,500,99.21995,95.06185,15566,142.209,1.20669
minimap2,align,sim5,drosophila,pe,50,91.6492,82.482,12134,17.844,1.74812
minimap2,align,sim5,drosophila,pe,75,97.24085,88.8155,12919,21.615,1.67725
minimap2,align,sim5,drosophila,pe,100,98.3326,90.6441,14215,24.066,1.43926
minimap2,align,sim5,drosophila,pe,150,99.09805,92.33565,16169,31.192,1.24961
minimap2,align,sim5,drosophila,pe,200,99.0677,92.60805,18322,45.776,1.18753
minimap2,align,sim5,drosophila,pe,300,98.8674,94.23515,22644,58.085,1.14025
minimap2,align,sim5,drosophila,pe,500,98.5458,94.06505,29084,130.111,1.17202
strobealign-0.14.0,map,sim3,drosophila,pe,50,96.6145,86.3482,458,7.34,0.945339
strobealign-0.14.0,map,sim3,drosophila,pe,75,99.31475,90.3044,859,8.31,0.980015
strobealign-0.14.0,map,sim3,drosophila,pe,100,99.52145,91.3518,1259,8.82,0.985115
strobealign-0.14.0,map,sim3,drosophila,pe,150,99.72185,92.6763,1917,9.99,1.08817
strobealign-0.14.0,map,sim3,drosophila,pe,200,99.73335,93.1841,2731,11.80,1.20462
strobealign-0.14.0,map,sim3,drosophila,pe,300,99.69445,95.0046,4261,17.37,1.32596
strobealign-0.14.0,map,sim3,drosophila,pe,500,99.58025,95.43545,7134,20.81,1.60198
strobealign-0.14.0,map,sim4,drosophila,pe,50,91.99685,81.71995,802,6.80,0.931953
strobealign-0.14.0,map,sim4,drosophila,pe,75,97.58405,88.21165,1485,7.86,0.98653
strobealign-0.14.0,map,sim4,drosophila,pe,100,98.18835,89.5789,2100,8.69,1.03231
strobealign-0.14.0,map,sim4,drosophila,pe,150,99.0743,91.60325,3361,9.42,1.11242
strobealign-0.14.0,map,sim4,drosophila,pe,200,99.39355,92.4541,4622,10.71,1.18645
strobealign-0.14.0,map,sim4,drosophila,pe,300,99.42805,94.34465,7849,16.04,1.35985
strobealign-0.14.0,map,sim4,drosophila,pe,500,99.2199,94.65455,13199,19.04,1.59178
strobealign-0.14.0,map,sim5,drosophila,pe,50,89.62845,79.4099,1538,6.82,0.926117
strobealign-0.14.0,map,sim5,drosophila,pe,75,95.5391,86.15605,2895,7.91,1.00961
strobealign-0.14.0,map,sim5,drosophila,pe,100,96.3158,87.5415,4180,8.21,1.04707
strobealign-0.14.0,map,sim5,drosophila,pe,150,97.38225,89.75905,6473,9.04,1.13826
strobealign-0.14.0,map,sim5,drosophila,pe,200,98.1879,91.0391,8913,10.26,1.19071
strobealign-0.14.0,map,sim5,drosophila,pe,300,98.81775,93.6325,15107,15.49,1.39997
strobealign-0.14.0,map,sim5,drosophila,pe,500,98.54185,93.7614,23644,17.09,1.51796
strobealign-mcs-022a721,map,sim3,drosophila,pe,50,99.60885,89.1643,1097,10.02,0.956005
strobealign-mcs-022a721,map,sim3,drosophila,pe,75,99.7409,90.8,980,12.41,0.982346
strobealign-mcs-022a721,map,sim3,drosophila,pe,100,99.79665,91.64755,1748,11.76,1.00412
strobealign-mcs-022a721,map,sim3,drosophila,pe,150,99.78205,92.67675,2253,14.06,1.04871
strobealign-mcs-022a721,map,sim3,drosophila,pe,200,99.743,93.1505,3125,16.22,1.14579
strobealign-mcs-022a721,map,sim3,drosophila,pe,300,99.6951,94.9996,4573,22.86,1.32879
strobealign-mcs-022a721,map,sim3,drosophila,pe,500,99.58065,95.4006,7459,26.52,1.51982
strobealign-mcs-022a721,map,sim4,drosophila,pe,50,98.8743,87.80035,1935,9.69,0.949184
strobealign-mcs-022a721,map,sim4,drosophila,pe,75,99.3074,89.9558,1771,11.86,0.998962
strobealign-mcs-022a721,map,sim4,drosophila,pe,100,99.62345,91.00845,3140,11.74,0.996128
strobealign-mcs-022a721,map,sim4,drosophila,pe,150,99.59115,92.1189,4072,13.81,1.05585
strobealign-mcs-022a721,map,sim4,drosophila,pe,200,99.54445,92.59965,5405,15.65,1.13291
strobealign-mcs-022a721,map,sim4,drosophila,pe,300,99.43065,94.33705,8482,22.02,1.34795
strobealign-mcs-022a721,map,sim4,drosophila,pe,500,99.21995,94.65485,13876,25.39,1.56493
strobealign-mcs-022a721,map,sim5,drosophila,pe,50,97.2515,85.7809,3911,9.41,0.931461
strobealign-mcs-022a721,map,sim5,drosophila,pe,75,97.7578,88.2718,3476,11.57,0.990551
strobealign-mcs-022a721,map,sim5,drosophila,pe,100,98.77735,89.79995,6169,11.17,1.00382
strobealign-mcs-022a721,map,sim5,drosophila,pe,150,99.119,91.311,7975,13.64,1.05681
strobealign-mcs-022a721,map,sim5,drosophila,pe,200,99.0692,91.7996,10634,15.81,1.12716
strobealign-mcs-022a721,map,sim5,drosophila,pe,300,98.8673,93.6805,16513,21.93,1.34225
strobealign-mcs-022a721,map,sim5,drosophila,pe,500,98.5458,93.7321,25106,23.09,1.48928
minimap2,map,sim3,drosophila,pe,50,97.80195,87.71355,442,7.064,1.20233
minimap2,map,sim3,drosophila,pe,75,99.6949,90.82535,894,8.938,1.15554
minimap2,map,sim3,drosophila,pe,100,99.79395,91.9057,1347,11.605,1.06105
minimap2,map,sim3,drosophila,pe,150,99.78415,92.88745,2177,17.420,0.985165
minimap2,map,sim3,drosophila,pe,200,99.74415,93.0064,3061,24.847,0.938065
minimap2,map,sim3,drosophila,pe,300,99.6951,94.9894,4576,35.389,0.92598
minimap2,map,sim3,drosophila,pe,500,99.5806,94.2708,7454,117.484,1.06381
minimap2,map,sim4,drosophila,pe,50,94.19345,84.1783,761,6.803,1.20465
minimap2,map,sim4,drosophila,pe,75,99.056,89.97535,1560,9.100,1.15131
minimap2,map,sim4,drosophila,pe,100,99.56195,91.4367,2345,11.125,1.06446
minimap2,map,sim4,drosophila,pe,150,99.5915,92.52515,3924,15.981,0.982185
minimap2,map,sim4,drosophila,pe,200,99.54535,92.67765,5310,22.770,0.954132
minimap2,map,sim4,drosophila,pe,300,99.43065,94.4839,8474,32.357,0.924171
minimap2,map,sim4,drosophila,pe,500,99.21995,93.8306,13878,105.396,1.05519
minimap2,map,sim5,drosophila,pe,50,91.7266,81.81055,1468,6.449,1.17754
minimap2,map,sim5,drosophila,pe,75,97.28765,88.2312,3072,8.651,1.15493
minimap2,map,sim5,drosophila,pe,100,98.3654,90.1981,4627,10.992,1.0584
minimap2,map,sim5,drosophila,pe,150,99.10465,91.994,7707,15.837,0.986198
minimap2,map,sim5,drosophila,pe,200,99.06885,92.0749,10436,22.264,0.966892
minimap2,map,sim5,drosophila,pe,300,98.8674,93.7654,16485,32.538,0.936867
minimap2,map,sim5,drosophila,pe,500,98.5458,92.74705,25119,88.835,1.00529
strobealign-0.14.0,align,sim3,maize,pe,50,99.50555,71.90275,3050,156.40,9.82476
strobealign-0.14.0,align,sim3,maize,pe,75,99.77935,82.04545,3525,130.04,9.82417
strobealign-0.14.0,align,sim3,maize,pe,100,99.8014,87.1317,3767,102.57,9.92136
strobealign-0.14.0,align,sim3,maize,pe,150,99.77875,91.6851,4369,84.42,10.0145
strobealign-0.14.0,align,sim3,maize,pe,200,99.76225,92.9603,4737,87.67,10.1367
strobealign-0.14.0,align,sim3,maize,pe,300,99.6886,96.7008,6224,126.55,10.283
strobealign-0.14.0,align,sim3,maize,pe,500,99.57405,97.3405,8515,179.79,8.78371
strobealign-0.14.0,align,sim4,maize,pe,50,98.92295,69.03995,6255,146.16,9.83149
strobealign-0.14.0,align,sim4,maize,pe,75,99.5787,80.11335,6898,130.32,9.85553
strobealign-0.14.0,align,sim4,maize,pe,100,99.61725,85.36345,7264,109.83,9.93445
strobealign-0.14.0,align,sim4,maize,pe,150,99.582,90.59655,8301,92.19,10.0338
strobealign-0.14.0,align,sim4,maize,pe,200,99.50735,92.0766,9850,102.53,10.1397
strobealign-0.14.0,align,sim4,maize,pe,300,99.4098,96.17145,11802,156.33,10.2668
strobealign-0.14.0,align,sim4,maize,pe,500,99.2013,96.76185,15974,259.69,8.79484
strobealign-0.14.0,align,sim5,maize,pe,50,97.1773,67.03555,12327,142.10,9.80024
strobealign-0.14.0,align,sim5,maize,pe,75,98.45165,78.3528,13337,131.21,9.86173
strobealign-0.14.0,align,sim5,maize,pe,100,98.95795,83.97865,14557,110.48,9.90956
strobealign-0.14.0,align,sim5,maize,pe,150,99.1512,89.50135,16297,100.72,10.0133
strobealign-0.14.0,align,sim5,maize,pe,200,99.0569,91.0787,18535,115.32,10.1462
strobealign-0.14.0,align,sim5,maize,pe,300,98.87765,95.38035,22443,188.63,10.2818
strobealign-0.14.0,align,sim5,maize,pe,500,98.44805,95.82145,31039,384.69,8.68026
strobealign-mcs-022a721,align,sim3,maize,pe,50,99.6244,72.5223,3050,183.65,9.81031
strobealign-mcs-022a721,align,sim3,maize,pe,75,99.81315,82.025,3525,135.03,9.86599
strobealign-mcs-022a721,align,sim3,maize,pe,100,99.809,86.86665,3767,95.48,9.91005
strobealign-mcs-022a721,align,sim3,maize,pe,150,99.7794,91.65285,4369,97.68,10.0311
strobealign-mcs-022a721,align,sim3,maize,pe,200,99.76225,92.93715,4737,105.01,10.1355
strobealign-mcs-022a721,align,sim3,maize,pe,300,99.6886,96.7434,6224,144.72,10.2867
strobealign-mcs-022a721,align,sim3,maize,pe,500,99.57415,97.3856,8515,185.66,8.8005
strobealign-mcs-022a721,align,sim4,maize,pe,50,99.4468,70.51285,6255,178.06,9.82116
strobealign-mcs-022a721,align,sim4,maize,pe,75,99.634,80.40015,6898,134.20,9.82578
strobealign-mcs-022a721,align,sim4,maize,pe,100,99.63535,85.4078,7264,101.40,9.90939
strobealign-mcs-022a721,align,sim4,maize,pe,150,99.5844,90.66495,8301,107.59,9.96991
strobealign-mcs-022a721,align,sim4,maize,pe,200,99.5075,92.12535,9850,120.78,10.1337
strobealign-mcs-022a721,align,sim4,maize,pe,300,99.4098,96.2272,11802,173.27,10.2796
strobealign-mcs-022a721,align,sim4,maize,pe,500,99.2013,96.8218,15974,271.29,8.79708
strobealign-mcs-022a721,align,sim5,maize,pe,50,98.5982,68.61905,12327,176.10,9.79531
strobealign-mcs-022a721,align,sim5,maize,pe,75,98.64405,78.753,13337,136.04,9.8592
strobealign-mcs-022a721,align,sim5,maize,pe,100,99.17295,84.1836,14557,106.01,9.90268
strobealign-mcs-022a721,align,sim5,maize,pe,150,99.18055,89.6777,16297,116.48,10.0224
strobealign-mcs-022a721,align,sim5,maize,pe,200,99.07205,91.2121,18535,135.32,10.1353
strobealign-mcs-022a721,align,sim5,maize,pe,300,98.87785,95.44135,22443,212.00,10.2844
strobealign-mcs-022a721,align,sim5,maize,pe,500,98.44805,95.8998,31039,397.39,8.78764
bwamem,align,sim3,maize,pe,50,99.7829,74.64105,3050,317.784,19.7389
bwamem,align,sim3,maize,pe,75,99.81595,83.6625,3525,281.450,11.4331
bwamem,align,sim3,maize,pe,100,99.81165,88.26735,3767,287.429,8.12299
bwamem,align,sim3,maize,pe,150,99.78155,92.2249,4369,351.234,5.78572
bwamem,align,sim3,maize,pe,200,99.76315,93.28155,4737,427.712,4.99633
bwamem,align,sim3,maize,pe,300,99.6888,96.9214,6224,657.414,4.44241
bwamem,align,sim3,maize,pe,500,99.57425,97.49775,8515,1141.268,4.17203
bwamem,align,sim4,maize,pe,50,99.33155,73.4387,6255,332.873,19.9255
bwamem,align,sim4,maize,pe,75,99.61335,82.86275,6898,329.057,12.2456
bwamem,align,sim4,maize,pe,100,99.63595,87.50905,7264,360.921,8.78696
bwamem,align,sim4,maize,pe,150,99.58495,91.6382,8301,471.182,6.22637
bwamem,align,sim4,maize,pe,200,99.5075,92.7727,9850,594.924,5.30964
bwamem,align,sim4,maize,pe,300,99.4099,96.5377,11802,915.909,4.6162
bwamem,align,sim4,maize,pe,500,99.2013,97.05725,15974,1578.768,4.25763
bwamem,align,sim5,maize,pe,50,97.502,71.272,12327,329.357,19.6843
bwamem,align,sim5,maize,pe,75,98.358,80.9047,13337,332.357,12.2666
bwamem,align,sim5,maize,pe,100,98.90435,85.84445,14557,370.650,8.92734
bwamem,align,sim5,maize,pe,150,99.174,90.0958,16297,484.079,6.39161
bwamem,align,sim5,maize,pe,200,99.0672,91.1058,18535,612.203,5.42818
bwamem,align,sim5,maize,pe,300,98.8778,95.0991,22443,955.659,4.68689
bwamem,align,sim5,maize,pe,500,98.44805,95.93235,31039,1630.288,4.28943
minimap2,align,sim3,maize,pe,50,94.86475,70.02445,3050,76.516,9.30492
minimap2,align,sim3,maize,pe,75,98.40955,81.86815,3525,111.335,8.81019
minimap2,align,sim3,maize,pe,100,99.1738,87.2374,3767,140.411,8.45032
minimap2,align,sim3,maize,pe,150,99.5569,91.75765,4369,197.048,8.14336
minimap2,align,sim3,maize,pe,200,99.6604,92.8702,4737,262.041,8.00974
minimap2,align,sim3,maize,pe,300,99.65405,95.74145,6224,533.584,7.87976
minimap2,align,sim3,maize,pe,500,99.56885,96.4484,8515,1916.182,8.00504
minimap2,align,sim4,maize,pe,50,92.242,65.8387,6255,72.777,9.2248
minimap2,align,sim4,maize,pe,75,98.04285,80.14045,6898,107.305,8.80858
minimap2,align,sim4,maize,pe,100,99.07155,86.0998,7264,136.614,8.45142
minimap2,align,sim4,maize,pe,150,99.4451,91.08485,8301,189.920,8.12912
minimap2,align,sim4,maize,pe,200,99.4554,92.27485,9850,255.951,8.00703
minimap2,align,sim4,maize,pe,300,99.39615,95.04475,11802,515.414,7.90123
minimap2,align,sim4,maize,pe,500,99.19965,95.7088,15974,1721.215,7.92031
minimap2,align,sim5,maize,pe,50,89.74885,63.45605,12327,71.370,9.18093
minimap2,align,sim5,maize,pe,75,96.25055,77.915,13337,106.387,8.80488
minimap2,align,sim5,maize,pe,100,97.8465,84.31995,14557,136.005,8.44046
minimap2,align,sim5,maize,pe,150,98.94165,89.9293,16297,188.953,8.13146
minimap2,align,sim5,maize,pe,200,99.0051,91.25305,18535,253.575,8.01025
minimap2,align,sim5,maize,pe,300,98.861,93.9897,22443,518.605,7.87117
minimap2,align,sim5,maize,pe,500,98.44655,94.33035,31039,1692.620,8.047
strobealign-0.14.0,map,sim3,maize,pe,50,96.4145,62.6428,480,126.64,9.80024
strobealign-0.14.0,map,sim3,maize,pe,75,99.02015,75.5027,899,102.24,9.80634
strobealign-0.14.0,map,sim3,maize,pe,100,99.5134,81.8776,1258,75.27,9.84052
strobealign-0.14.0,map,sim3,maize,pe,150,99.73425,88.6443,1940,56.57,9.92598
strobealign-0.14.0,map,sim3,maize,pe,200,99.75545,90.966,2534,56.25,10.0192
strobealign-0.14.0,map,sim3,maize,pe,300,99.6877,95.3284,4279,79.39,10.0518
strobealign-0.14.0,map,sim3,maize,pe,500,99.57355,96.37635,7310,87.64,8.66451
strobealign-0.14.0,map,sim4,maize,pe,50,93.83865,56.90555,852,112.51,9.80011
strobealign-0.14.0,map,sim4,maize,pe,75,98.08575,70.9066,1797,97.43,9.80627
strobealign-0.14.0,map,sim4,maize,pe,100,98.7362,77.37405,2376,71.45,9.85612
strobealign-0.14.0,map,sim4,maize,pe,150,99.28445,85.4798,3490,52.61,9.92294
strobealign-0.14.0,map,sim4,maize,pe,200,99.43155,88.4829,5017,49.23,10.0244
strobealign-0.14.0,map,sim4,maize,pe,300,99.4079,93.85505,8105,68.10,10.2085
strobealign-0.14.0,map,sim4,maize,pe,500,99.2011,94.9546,13610,75.90,8.66289
strobealign-0.14.0,map,sim5,maize,pe,50,91.5616,54.8536,1630,112.99,9.80012
strobealign-0.14.0,map,sim5,maize,pe,75,96.1838,68.71485,3223,94.59,9.80626
strobealign-0.14.0,map,sim5,maize,pe,100,97.02335,75.1734,4396,70.96,9.84011
strobealign-0.14.0,map,sim5,maize,pe,150,97.79305,83.2067,6628,51.68,9.92056
strobealign-0.14.0,map,sim5,maize,pe,200,98.4358,86.63195,9192,50.41,10.0082
strobealign-0.14.0,map,sim5,maize,pe,300,98.845,92.83555,15123,67.63,10.1909
strobealign-0.14.0,map,sim5,maize,pe,500,98.44725,93.86675,26260,71.46,8.66508
strobealign-mcs-022a721,map,sim3,maize,pe,50,97.8452,64.5681,1866,153.83,9.78161
strobealign-mcs-022a721,map,sim3,maize,pe,75,99.57625,75.35165,1053,106.87,9.81058
strobealign-mcs-022a721,map,sim3,maize,pe,100,99.8035,81.6426,2487,69.27,9.83117
strobealign-mcs-022a721,map,sim3,maize,pe,150,99.77665,88.5104,2308,72.87,9.92483
strobealign-mcs-022a721,map,sim3,maize,pe,200,99.7599,90.87155,2859,74.00,10.0134
strobealign-mcs-022a721,map,sim3,maize,pe,300,99.68795,95.4657,4579,97.54,10.1913
strobealign-mcs-022a721,map,sim3,maize,pe,500,99.57385,96.6296,7616,104.98,8.66698
strobealign-mcs-022a721,map,sim4,maize,pe,50,97.77435,60.9855,3923,144.76,9.78193
strobealign-mcs-022a721,map,sim4,maize,pe,75,99.27155,71.93665,2146,101.13,9.81024
strobealign-mcs-022a721,map,sim4,maize,pe,100,99.6274,78.3355,4752,65.41,9.83973
strobealign-mcs-022a721,map,sim4,maize,pe,150,99.58085,85.93935,4222,67.97,9.92434
strobealign-mcs-022a721,map,sim4,maize,pe,200,99.5062,88.6563,5839,70.43,10.0084
strobealign-mcs-022a721,map,sim4,maize,pe,300,99.4095,94.1124,8773,92.82,10.1905
strobealign-mcs-022a721,map,sim4,maize,pe,500,99.2012,95.3366,14216,98.38,8.66143
strobealign-mcs-022a721,map,sim5,maize,pe,50,96.83045,59.0727,7672,140.14,9.78181
strobealign-mcs-022a721,map,sim5,maize,pe,75,97.8315,69.98845,3894,101.05,9.81085
strobealign-mcs-022a721,map,sim5,maize,pe,100,99.02555,76.53575,9224,65.31,9.83322
strobealign-mcs-022a721,map,sim5,maize,pe,150,99.13285,84.48905,8129,68.87,9.92637
strobealign-mcs-022a721,map,sim5,maize,pe,200,99.06235,87.37005,10843,70.06,10.0058
strobealign-mcs-022a721,map,sim5,maize,pe,300,98.8773,93.13275,16445,91.41,10.1952
strobealign-mcs-022a721,map,sim5,maize,pe,500,98.44805,94.20875,27560,97.00,8.52251
minimap2,map,sim3,maize,pe,50,94.87675,64.39915,431,56.916,8.3485
minimap2,map,sim3,maize,pe,75,98.4132,77.5072,887,83.843,8.1005
minimap2,map,sim3,maize,pe,100,99.17435,83.94495,1310,105.284,7.90431
minimap2,map,sim3,maize,pe,150,99.557,89.68745,2174,143.274,7.74613
minimap2,map,sim3,maize,pe,200,99.66045,91.1636,2803,187.921,7.66312
minimap2,map,sim3,maize,pe,300,99.65405,94.11445,4543,468.016,7.63381
minimap2,map,sim3,maize,pe,500,99.56885,94.7373,7588,1815.232,7.81798
minimap2,map,sim4,maize,pe,50,92.28785,59.85805,749,52.166,8.30939
minimap2,map,sim4,maize,pe,75,98.06195,74.8278,1779,78.573,8.09742
minimap2,map,sim4,maize,pe,100,99.07475,81.92695,2529,96.923,7.90583
minimap2,map,sim4,maize,pe,150,99.4451,88.4301,3966,131.502,7.73364
minimap2,map,sim4,maize,pe,200,99.45545,90.01895,5737,172.967,7.65992
minimap2,map,sim4,maize,pe,300,99.39615,92.94405,8724,438.567,7.63866
minimap2,map,sim4,maize,pe,500,99.19965,93.77565,14167,1597.804,7.7206
minimap2,map,sim5,maize,pe,50,89.8438,57.6706,1404,52.150,8.28646
minimap2,map,sim5,maize,pe,75,96.30845,72.7755,3181,76.529,8.09824
minimap2,map,sim5,maize,pe,100,97.88795,80.38625,4648,96.622,7.90059
minimap2,map,sim5,maize,pe,150,98.94995,87.4622,7666,129.255,7.73516
minimap2,map,sim5,maize,pe,200,99.0065,89.1672,10575,169.030,7.65931
minimap2,map,sim5,maize,pe,300,98.861,91.9793,16305,434.595,7.61017
minimap2,map,sim5,maize,pe,500,98.44655,92.37845,27455,1543.126,7.85863
strobealign-0.14.0,align,sim3,CHM13,pe,50,99.5534,90.90695,3322,44.80,14.4939
strobealign-0.14.0,align,sim3,CHM13,pe,75,99.80105,92.51855,3583,48.81,14.5245
strobealign-0.14.0,align,sim3,CHM13,pe,100,99.80085,93.2939,3914,45.64,14.5733
strobealign-0.14.0,align,sim3,CHM13,pe,150,99.7803,94.15825,4390,41.19,14.695
strobealign-0.14.0,align,sim3,CHM13,pe,200,99.7488,94.46705,5018,43.49,14.8134
strobealign-0.14.0,align,sim3,CHM13,pe,300,99.68855,95.62545,6229,63.80,14.9175
strobealign-0.14.0,align,sim3,CHM13,pe,500,99.5794,96.0549,8412,98.28,11.7032
strobealign-0.14.0,align,sim4,CHM13,pe,50,98.7492,89.4386,6259,44.28,14.4808
strobealign-0.14.0,align,sim4,CHM13,pe,75,99.5777,91.9655,6712,50.79,14.5224
strobealign-0.14.0,align,sim4,CHM13,pe,100,99.6135,92.81145,7209,47.20,14.5845
strobealign-0.14.0,align,sim4,CHM13,pe,150,99.5697,93.73135,8535,46.16,14.6888
strobealign-0.14.0,align,sim4,CHM13,pe,200,99.5229,94.0487,9526,51.89,14.7975
strobealign-0.14.0,align,sim4,CHM13,pe,300,99.4215,95.2349,11570,82.66,14.9565
strobealign-0.14.0,align,sim4,CHM13,pe,500,99.1899,95.51955,16202,151.10,11.4051
strobealign-0.14.0,align,sim5,CHM13,pe,50,96.926,87.54355,12597,44.90,14.4645
strobealign-0.14.0,align,sim5,CHM13,pe,75,98.4339,90.7016,13461,48.50,14.5235
strobealign-0.14.0,align,sim5,CHM13,pe,100,98.93805,91.97415,14383,46.27,14.5828
strobealign-0.14.0,align,sim5,CHM13,pe,150,99.12625,93.1808,16562,46.54,14.6873
strobealign-0.14.0,align,sim5,CHM13,pe,200,99.0449,93.4904,18688,59.67,14.8003
strobealign-0.14.0,align,sim5,CHM13,pe,300,98.8705,94.6088,22586,103.42,14.9545
strobealign-0.14.0,align,sim5,CHM13,pe,500,98.4742,94.71255,30516,233.14,11.5876
strobealign-mcs-022a721,align,sim3,CHM13,pe,50,99.7278,91.1275,3322,57.43,14.5219
strobealign-mcs-022a721,align,sim3,CHM13,pe,75,99.80715,92.557,3583,58.00,14.5147
strobealign-mcs-022a721,align,sim3,CHM13,pe,100,99.8033,93.2753,3914,46.66,14.5923
strobealign-mcs-022a721,align,sim3,CHM13,pe,150,99.78005,94.13895,4390,46.26,14.697
strobealign-mcs-022a721,align,sim3,CHM13,pe,200,99.7489,94.45075,5018,47.84,14.8003
strobealign-mcs-022a721,align,sim3,CHM13,pe,300,99.68855,95.63575,6229,73.37,14.9825
strobealign-mcs-022a721,align,sim3,CHM13,pe,500,99.5794,96.07885,8412,102.64,11.6385
strobealign-mcs-022a721,align,sim4,CHM13,pe,50,99.58045,90.30165,6259,58.26,14.5253
strobealign-mcs-022a721,align,sim4,CHM13,pe,75,99.64065,92.12525,6712,57.44,14.5148
strobealign-mcs-022a721,align,sim4,CHM13,pe,100,99.6393,92.87715,7209,49.64,14.5904
strobealign-mcs-022a721,align,sim4,CHM13,pe,150,99.57325,93.7475,8535,51.45,14.6814
strobealign-mcs-022a721,align,sim4,CHM13,pe,200,99.5237,94.0574,9526,57.95,14.8088
strobealign-mcs-022a721,align,sim4,CHM13,pe,300,99.4215,95.25735,11570,91.54,14.8032
strobealign-mcs-022a721,align,sim4,CHM13,pe,500,99.1899,95.5463,16202,159.04,11.7098
strobealign-mcs-022a721,align,sim5,CHM13,pe,50,99.0174,88.6217,12597,57.15,14.5064
strobealign-mcs-022a721,align,sim5,CHM13,pe,75,98.6728,90.96725,13461,57.13,14.5069
strobealign-mcs-022a721,align,sim5,CHM13,pe,100,99.2461,92.1524,14383,49.46,14.6012
strobealign-mcs-022a721,align,sim5,CHM13,pe,150,99.16715,93.25245,16562,54.20,14.7038
strobealign-mcs-022a721,align,sim5,CHM13,pe,200,99.06485,93.5133,18688,65.44,14.8019
strobealign-mcs-022a721,align,sim5,CHM13,pe,300,98.8707,94.63455,22586,112.90,14.9412
strobealign-mcs-022a721,align,sim5,CHM13,pe,500,98.4742,94.72945,30516,247.34,11.6843
bwamem,align,sim3,CHM13,pe,50,99.76385,91.68705,3322,136.649,10.8976
bwamem,align,sim3,CHM13,pe,75,99.8125,92.8564,3583,138.311,8.33274
bwamem,align,sim3,CHM13,pe,100,99.8043,93.5587,3914,151.179,7.316
bwamem,align,sim3,CHM13,pe,150,99.7805,94.3284,4390,200.536,6.51337
bwamem,align,sim3,CHM13,pe,200,99.7491,94.56995,5018,259.080,6.16325
bwamem,align,sim3,CHM13,pe,300,99.68855,95.78235,6229,427.551,5.85521
bwamem,align,sim3,CHM13,pe,500,99.5794,96.2006,8412,725.654,5.68818
bwamem,align,sim4,CHM13,pe,50,99.3113,91.03665,6259,142.031,10.8849
bwamem,align,sim4,CHM13,pe,75,99.6161,92.5429,6712,156.086,8.57598
bwamem,align,sim4,CHM13,pe,100,99.6386,93.28085,7209,179.225,7.48541
bwamem,align,sim4,CHM13,pe,150,99.57325,94.0156,8535,253.343,6.64817
bwamem,align,sim4,CHM13,pe,200,99.52365,94.2604,9526,346.317,6.27576
bwamem,align,sim4,CHM13,pe,300,99.4215,95.48375,11570,578.205,5.93109
bwamem,align,sim4,CHM13,pe,500,99.1899,95.73945,16202,997.084,5.69922
bwamem,align,sim5,CHM13,pe,50,97.4312,89.12215,12597,141.352,10.7525
bwamem,align,sim5,CHM13,pe,75,98.3346,91.16465,13461,157.661,8.5675
bwamem,align,sim5,CHM13,pe,100,98.89555,92.3451,14383,182.423,7.51768
bwamem,align,sim5,CHM13,pe,150,99.16125,93.4078,16562,260.205,6.68769
bwamem,align,sim5,CHM13,pe,200,99.06105,93.6112,18688,354.001,6.32413
bwamem,align,sim5,CHM13,pe,300,98.8707,94.71075,22586,599.045,5.96227
bwamem,align,sim5,CHM13,pe,500,98.4742,94.90045,30516,1059.465,5.7203
minimap2,align,sim3,CHM13,pe,50,95.4303,88.1919,3322,49.803,11.7963
minimap2,align,sim3,CHM13,pe,75,98.7697,92.0378,3583,64.462,11.7199
minimap2,align,sim3,CHM13,pe,100,99.3365,93.1711,3914,78.749,11.5754
minimap2,align,sim3,CHM13,pe,150,99.63,94.1526,4390,105.881,11.5104
minimap2,align,sim3,CHM13,pe,200,99.6828,94.44415,5018,128.625,11.5047
minimap2,align,sim3,CHM13,pe,300,99.6704,95.39845,6229,247.214,11.5911
minimap2,align,sim3,CHM13,pe,500,99.57745,95.5725,8412,631.882,11.8081
minimap2,align,sim4,CHM13,pe,50,92.06765,84.3624,6259,49.403,11.7949
minimap2,align,sim4,CHM13,pe,75,98.2234,91.1391,6712,63.254,11.7276
minimap2,align,sim4,CHM13,pe,100,99.1701,92.7146,7209,76.159,11.5808
minimap2,align,sim4,CHM13,pe,150,99.46505,93.7648,8535,101.653,11.5093
minimap2,align,sim4,CHM13,pe,200,99.4853,94.08295,9526,123.946,11.4929
minimap2,align,sim4,CHM13,pe,300,99.41075,95.0386,11570,235.647,11.6003
minimap2,align,sim4,CHM13,pe,500,99.18935,95.06335,16202,580.935,11.6273
minimap2,align,sim5,CHM13,pe,50,89.5151,81.9465,12597,49.757,11.7735
minimap2,align,sim5,CHM13,pe,75,96.38735,89.2454,13461,61.827,11.7311
minimap2,align,sim5,CHM13,pe,100,97.9058,91.28305,14383,75.179,11.5801
minimap2,align,sim5,CHM13,pe,150,98.94945,93.19085,16562,101.996,11.5241
minimap2,align,sim5,CHM13,pe,200,99.00725,93.51985,18688,125.081,11.4858
minimap2,align,sim5,CHM13,pe,300,98.85835,94.37755,22586,233.577,11.5942
minimap2,align,sim5,CHM13,pe,500,98.47335,94.2152,30516,573.046,11.5863
strobealign-0.14.0,map,sim3,CHM13,pe,50,96.3103,86.04885,484,33.41,14.4228
strobealign-0.14.0,map,sim3,CHM13,pe,75,99.1985,90.77555,954,38.60,14.4664
strobealign-0.14.0,map,sim3,CHM13,pe,100,99.51255,92.05995,1281,34.76,14.5038
strobealign-0.14.0,map,sim3,CHM13,pe,150,99.72395,93.4112,1923,27.67,14.5881
strobealign-0.14.0,map,sim3,CHM13,pe,200,99.73995,93.933,2650,25.35,14.6796
strobealign-0.14.0,map,sim3,CHM13,pe,300,99.68805,94.8955,4296,30.42,14.8495
strobealign-0.14.0,map,sim3,CHM13,pe,500,99.57925,95.3842,7261,33.26,11.5357
strobealign-0.14.0,map,sim4,CHM13,pe,50,92.4563,80.91335,825,30.15,14.4196
strobealign-0.14.0,map,sim4,CHM13,pe,75,97.73825,88.437,1597,35.37,14.4661
strobealign-0.14.0,map,sim4,CHM13,pe,100,98.33815,90.15505,2159,33.50,14.5002
strobealign-0.14.0,map,sim4,CHM13,pe,150,99.094,92.29695,3527,27.04,14.5861
strobealign-0.14.0,map,sim4,CHM13,pe,200,99.38805,93.1324,4840,23.70,14.674
strobealign-0.14.0,map,sim4,CHM13,pe,300,99.4191,94.2973,7906,27.57,14.8539
strobealign-0.14.0,map,sim4,CHM13,pe,500,99.18975,94.60085,13774,29.81,11.5422
strobealign-0.14.0,map,sim5,CHM13,pe,50,90.1117,78.67535,1617,29.15,14.4167
strobealign-0.14.0,map,sim5,CHM13,pe,75,95.72395,86.32805,3000,35.25,14.4669
strobealign-0.14.0,map,sim5,CHM13,pe,100,96.4909,88.09435,4302,31.71,14.5031
strobealign-0.14.0,map,sim5,CHM13,pe,150,97.42615,90.4237,6437,26.02,14.5895
strobealign-0.14.0,map,sim5,CHM13,pe,200,98.20915,91.7595,9134,24.55,14.6758
strobealign-0.14.0,map,sim5,CHM13,pe,300,98.82595,93.58875,15040,28.73,14.8524
strobealign-0.14.0,map,sim5,CHM13,pe,500,98.4732,93.78175,25640,28.91,11.5384
strobealign-mcs-022a721,map,sim3,CHM13,pe,50,98.7913,88.4501,2792,45.31,14.4595
strobealign-mcs-022a721,map,sim3,CHM13,pe,75,99.5795,91.1157,1291,47.35,14.4552
strobealign-mcs-022a721,map,sim3,CHM13,pe,100,99.79995,92.2674,3418,34.98,14.5159
strobealign-mcs-022a721,map,sim3,CHM13,pe,150,99.7797,93.3817,2395,30.77,14.5856
strobealign-mcs-022a721,map,sim3,CHM13,pe,200,99.74825,93.85675,3038,30.23,14.6771
strobealign-mcs-022a721,map,sim3,CHM13,pe,300,99.68805,94.88315,4663,37.95,14.8609
strobealign-mcs-022a721,map,sim3,CHM13,pe,500,99.57925,95.4475,7540,39.84,11.5394
strobealign-mcs-022a721,map,sim4,CHM13,pe,50,98.7536,86.35205,5236,44.41,14.4556
strobealign-mcs-022a721,map,sim4,CHM13,pe,75,99.282,89.9755,2305,44.04,14.4548
strobealign-mcs-022a721,map,sim4,CHM13,pe,100,99.6351,91.4405,6293,33.52,14.5158
strobealign-mcs-022a721,map,sim4,CHM13,pe,150,99.57205,92.7495,4543,29.95,14.5884
strobealign-mcs-022a721,map,sim4,CHM13,pe,200,99.52285,93.22345,5720,29.15,14.6746
strobealign-mcs-022a721,map,sim4,CHM13,pe,300,99.4213,94.27575,8613,37.91,14.854
strobealign-mcs-022a721,map,sim4,CHM13,pe,500,99.18985,94.66235,14444,39.13,11.5379
strobealign-mcs-022a721,map,sim5,CHM13,pe,50,98.18085,84.3169,10501,42.33,14.4595
strobealign-mcs-022a721,map,sim5,CHM13,pe,75,97.89165,88.2268,4451,43.74,14.4658
strobealign-mcs-022a721,map,sim5,CHM13,pe,100,99.1977,90.09215,12418,33.50,14.5198
strobealign-mcs-022a721,map,sim5,CHM13,pe,150,99.1165,91.9245,8508,30.27,14.5873
strobealign-mcs-022a721,map,sim5,CHM13,pe,200,99.05365,92.53825,10969,29.62,14.6729
strobealign-mcs-022a721,map,sim5,CHM13,pe,300,98.87025,93.6609,16544,37.66,14.8577
strobealign-mcs-022a721,map,sim5,CHM13,pe,500,98.4742,93.84205,27056,38.30,11.5393
minimap2,map,sim3,CHM13,pe,50,95.4406,87.531,457,40.697,11.4353
minimap2,map,sim3,CHM13,pe,75,98.77485,91.5373,957,54.869,11.4011
minimap2,map,sim3,CHM13,pe,100,99.33795,92.7061,1349,67.957,11.3175
minimap2,map,sim3,CHM13,pe,150,99.63045,93.72415,2178,90.261,11.2945
minimap2,map,sim3,CHM13,pe,200,99.6834,93.9863,2956,106.588,11.285
minimap2,map,sim3,CHM13,pe,300,99.6706,94.9409,4619,229.160,11.4046
minimap2,map,sim3,CHM13,pe,500,99.5775,94.82565,7525,601.652,11.6449
minimap2,map,sim4,CHM13,pe,50,92.10585,83.6095,764,39.902,11.4316
minimap2,map,sim4,CHM13,pe,75,98.23965,90.5029,1633,52.365,11.4037
minimap2,map,sim4,CHM13,pe,100,99.17515,92.13465,2359,63.603,11.3177
minimap2,map,sim4,CHM13,pe,150,99.4662,93.2774,4077,83.971,11.2977
minimap2,map,sim4,CHM13,pe,200,99.48655,93.5545,5562,99.686,11.2736
minimap2,map,sim4,CHM13,pe,300,99.41095,94.4773,8541,209.807,11.4211
minimap2,map,sim4,CHM13,pe,500,99.18935,94.26035,14406,532.880,11.5404
minimap2,map,sim5,CHM13,pe,50,89.6035,81.23635,1441,38.939,11.4209
minimap2,map,sim5,CHM13,pe,75,96.43825,88.69325,3060,51.501,11.4035
minimap2,map,sim5,CHM13,pe,100,97.94535,90.84775,4665,69.498,11.318
minimap2,map,sim5,CHM13,pe,150,98.95905,92.72145,7613,84.509,11.3186
minimap2,map,sim5,CHM13,pe,200,99.00995,92.9813,10627,97.197,11.2719
minimap2,map,sim5,CHM13,pe,300,98.85845,93.80535,16425,206.311,11.4141
minimap2,map,sim5,CHM13,pe,500,98.47335,93.401,26956,515.725,11.4131
strobealign-0.14.0,align,sim3,rye,pe,50,99.3065,70.5191,3261,152.31,33.3549
strobealign-0.14.0,align,sim3,rye,pe,75,99.7472,81.29765,3487,136.71,33.3447
strobealign-0.14.0,align,sim3,rye,pe,100,99.7936,86.52495,3895,114.95,33.3871
strobealign-0.14.0,align,sim3,rye,pe,150,99.77515,91.128,4492,90.22,33.4213
strobealign-0.14.0,align,sim3,rye,pe,200,99.75405,92.4032,4919,90.90,33.4586
strobealign-0.14.0,align,sim3,rye,pe,300,99.69615,95.3989,6077,124.27,33.4587
strobealign-0.14.0,align,sim3,rye,pe,500,99.5898,95.94435,8204,161.70,25.3077
strobealign-0.14.0,align,sim4,rye,pe,50,98.8067,67.0789,6304,144.88,33.3546
strobealign-0.14.0,align,sim4,rye,pe,75,99.5501,78.67885,6982,134.31,33.3446
strobealign-0.14.0,align,sim4,rye,pe,100,99.61645,84.25425,7263,118.33,33.3873
strobealign-0.14.0,align,sim4,rye,pe,150,99.5826,89.64895,8324,101.66,33.4175
strobealign-0.14.0,align,sim4,rye,pe,200,99.5324,91.19665,9351,108.02,33.4584
strobealign-0.14.0,align,sim4,rye,pe,300,99.42945,94.8133,11411,148.11,33.4587
strobealign-0.14.0,align,sim4,rye,pe,500,99.20715,95.41365,15857,225.37,25.4113
strobealign-0.14.0,align,sim5,rye,pe,50,97.01955,65.07375,12498,142.78,33.355
strobealign-0.14.0,align,sim5,rye,pe,75,98.42745,76.9472,13298,134.33,33.3447
strobealign-0.14.0,align,sim5,rye,pe,100,98.9486,82.8682,14707,120.84,33.3873
strobealign-0.14.0,align,sim5,rye,pe,150,99.1392,88.55205,16552,106.07,33.4214
strobealign-0.14.0,align,sim5,rye,pe,200,99.0532,90.2015,18644,116.00,33.4543
strobealign-0.14.0,align,sim5,rye,pe,300,98.86655,93.9978,22667,180.19,33.4587
strobealign-0.14.0,align,sim5,rye,pe,500,98.44855,94.4928,31029,319.64,25.4037
strobealign-mcs-022a721,align,sim3,rye,pe,50,99.64175,71.1354,3261,173.63,33.3166
strobealign-mcs-022a721,align,sim3,rye,pe,75,99.8222,81.26315,3487,124.35,33.3856
strobealign-mcs-022a721,align,sim3,rye,pe,100,99.8052,86.09995,3895,106.06,33.4402
strobealign-mcs-022a721,align,sim3,rye,pe,150,99.7754,90.85315,4492,99.23,33.4204
strobealign-mcs-022a721,align,sim3,rye,pe,200,99.75405,92.39465,4919,107.86,33.4707
strobealign-mcs-022a721,align,sim3,rye,pe,300,99.69615,95.4179,6077,140.34,33.4596
strobealign-mcs-022a721,align,sim3,rye,pe,500,99.5898,95.97555,8204,176.23,25.4333
strobealign-mcs-022a721,align,sim4,rye,pe,50,99.5182,68.54265,6304,170.43,33.3166
strobealign-mcs-022a721,align,sim4,rye,pe,75,99.63755,78.9999,6982,126.97,33.3895
strobealign-mcs-022a721,align,sim4,rye,pe,100,99.6368,84.1613,7263,112.10,33.4402
strobealign-mcs-022a721,align,sim4,rye,pe,150,99.5838,89.5417,8324,107.55,33.4204
strobealign-mcs-022a721,align,sim4,rye,pe,200,99.53245,91.29115,9351,124.72,33.4746
strobealign-mcs-022a721,align,sim4,rye,pe,300,99.42945,94.90565,11411,163.16,33.4596
strobealign-mcs-022a721,align,sim4,rye,pe,500,99.20715,95.4605,15857,238.55,25.464
strobealign-mcs-022a721,align,sim5,rye,pe,50,98.9867,66.617,12498,167.13,33.3166
strobealign-mcs-022a721,align,sim5,rye,pe,75,98.6894,77.33195,13298,126.86,33.3895
strobealign-mcs-022a721,align,sim5,rye,pe,100,99.2213,82.90015,14707,113.31,33.4402
strobealign-mcs-022a721,align,sim5,rye,pe,150,99.1672,88.50475,16552,116.93,33.4243
strobealign-mcs-022a721,align,sim5,rye,pe,200,99.0668,90.3255,18644,138.16,33.4744
strobealign-mcs-022a721,align,sim5,rye,pe,300,98.86665,94.1094,22667,199.73,33.4597
strobealign-mcs-022a721,align,sim5,rye,pe,500,98.44855,94.5711,31029,342.29,25.4409
bwamem,align,sim3,rye,pe,50,99.7715,74.44295,3261,401.275,29.5587
bwamem,align,sim3,rye,pe,75,99.81845,83.8589,3487,346.546,20.3734
bwamem,align,sim3,rye,pe,100,99.8052,88.43315,3895,350.903,16.808
bwamem,align,sim3,rye,pe,150,99.7754,92.0416,4492,429.493,14.2946
bwamem,align,sim3,rye,pe,200,99.75405,92.9685,4919,528.290,13.4134
bwamem,align,sim3,rye,pe,300,99.69615,95.6318,6077,783.910,12.7946
bwamem,align,sim3,rye,pe,500,99.5898,96.083,8204,1314.743,12.4956
bwamem,align,sim4,rye,pe,50,99.34065,72.91255,6304,393.881,28.9521
bwamem,align,sim4,rye,pe,75,99.61335,82.8582,6982,380.039,20.8036
bwamem,align,sim4,rye,pe,100,99.63585,87.61125,7263,419.138,17.3266
bwamem,align,sim4,rye,pe,150,99.5837,91.4183,8324,553.158,14.7091
bwamem,align,sim4,rye,pe,200,99.53245,92.396,9351,712.814,13.7635
bwamem,align,sim4,rye,pe,300,99.42945,95.3185,11411,1079.126,13.0042
bwamem,align,sim4,rye,pe,500,99.20715,95.68835,15857,1790.535,12.6059
bwamem,align,sim5,rye,pe,50,97.5107,70.70535,12498,389.299,28.5777
bwamem,align,sim5,rye,pe,75,98.381,80.87275,13298,381.209,20.8094
bwamem,align,sim5,rye,pe,100,98.9093,85.94295,14707,424.406,17.4077
bwamem,align,sim5,rye,pe,150,99.1614,89.9016,16552,568.974,14.8931
bwamem,align,sim5,rye,pe,200,99.0636,90.8074,18644,736.844,13.8924
bwamem,align,sim5,rye,pe,300,98.86665,94.0106,22667,1107.089,13.0778
bwamem,align,sim5,rye,pe,500,98.44855,94.6701,31029,1858.490,12.6394
minimap2,align,sim3,rye,pe,50,90.10995,67.14525,3261,99.492,21.0372
minimap2,align,sim3,rye,pe,75,95.99525,80.0295,3487,138.644,20.5798
minimap2,align,sim3,rye,pe,100,97.9389,85.8429,3895,166.062,20.2201
minimap2,align,sim3,rye,pe,150,99.2121,90.74315,4492,212.083,19.9433
minimap2,align,sim3,rye,pe,200,99.55265,92.0875,4919,263.206,19.8638
minimap2,align,sim3,rye,pe,300,99.64965,94.12675,6077,638.610,19.8885
minimap2,align,sim3,rye,pe,500,99.5874,95.1829,8204,2229.610,19.8755
minimap2,align,sim4,rye,pe,50,88.0795,62.6746,6304,95.771,20.9743
minimap2,align,sim4,rye,pe,75,95.995,77.7444,6982,134.313,20.6008
minimap2,align,sim4,rye,pe,100,98.1087,84.44075,7263,164.286,20.2437
minimap2,align,sim4,rye,pe,150,99.21945,89.83805,8324,207.362,19.937
minimap2,align,sim4,rye,pe,200,99.4259,91.31405,9351,261.527,19.8761
minimap2,align,sim4,rye,pe,300,99.40995,93.3844,11411,627.005,19.8953
minimap2,align,sim4,rye,pe,500,99.20635,94.47245,15857,2024.451,19.8325
minimap2,align,sim5,rye,pe,50,85.69185,60.46215,12498,97.284,20.9354
minimap2,align,sim5,rye,pe,75,94.20965,75.5372,13298,132.276,20.592
minimap2,align,sim5,rye,pe,100,96.83965,82.56595,14707,161.625,20.2374
minimap2,align,sim5,rye,pe,150,98.68165,88.7441,16552,209.312,19.9341
minimap2,align,sim5,rye,pe,200,98.93025,90.3149,18644,266.233,19.8829
minimap2,align,sim5,rye,pe,300,98.83885,92.3668,22667,621.231,19.8844
minimap2,align,sim5,rye,pe,500,98.4478,93.21365,31029,1985.448,19.8376
strobealign-0.14.0,map,sim3,rye,pe,50,95.2213,59.7719,541,116.56,33.3549
strobealign-0.14.0,map,sim3,rye,pe,75,98.44135,73.3213,938,103.96,33.3445
strobealign-0.14.0,map,sim3,rye,pe,100,99.3454,80.31335,1330,78.62,33.3873
strobealign-0.14.0,map,sim3,rye,pe,150,99.7263,87.487,1990,62.71,33.4215
strobealign-0.14.0,map,sim3,rye,pe,200,99.749,90.0736,2649,58.53,33.4545
strobealign-0.14.0,map,sim3,rye,pe,300,99.69565,93.98365,4219,79.51,33.4587
strobealign-0.14.0,map,sim3,rye,pe,500,99.5898,95.1393,7121,86.55,25.0663
strobealign-0.14.0,map,sim4,rye,pe,50,93.338,53.93955,868,107.33,33.3549
strobealign-0.14.0,map,sim4,rye,pe,75,97.77815,68.3911,1704,94.69,33.3447
strobealign-0.14.0,map,sim4,rye,pe,100,98.72435,75.43835,2288,74.90,33.3872
strobealign-0.14.0,map,sim4,rye,pe,150,99.32365,83.9482,3478,56.77,33.4214
strobealign-0.14.0,map,sim4,rye,pe,200,99.46975,87.4062,4738,49.87,33.4584
strobealign-0.14.0,map,sim4,rye,pe,300,99.4284,92.49215,7829,69.53,33.4587
strobealign-0.14.0,map,sim4,rye,pe,500,99.20715,93.8047,13449,75.75,25.2767
strobealign-0.14.0,map,sim5,rye,pe,50,91.1027,52.04665,1749,100.87,33.3549
strobealign-0.14.0,map,sim5,rye,pe,75,95.9219,66.2074,3228,91.39,33.3447
strobealign-0.14.0,map,sim5,rye,pe,100,97.0383,73.26015,4461,71.48,33.3869
strobealign-0.14.0,map,sim5,rye,pe,150,97.8512,81.74445,6725,55.10,33.4214
strobealign-0.14.0,map,sim5,rye,pe,200,98.4993,85.49865,9288,49.88,33.4584
strobealign-0.14.0,map,sim5,rye,pe,300,98.8389,91.44785,15120,70.29,33.455
strobealign-0.14.0,map,sim5,rye,pe,500,98.448,92.7147,26075,73.41,25.2759
strobealign-mcs-022a721,map,sim3,rye,pe,50,97.98065,61.2773,2822,139.39,33.3166
strobealign-mcs-022a721,map,sim3,rye,pe,75,99.7204,72.87975,1218,89.38,33.3895
strobealign-mcs-022a721,map,sim3,rye,pe,100,99.80265,79.62295,3293,70.59,33.4401
strobealign-mcs-022a721,map,sim3,rye,pe,150,99.7753,86.76585,2439,64.22,33.4243
strobealign-mcs-022a721,map,sim3,rye,pe,200,99.754,89.9828,3005,77.16,33.4745
strobealign-mcs-022a721,map,sim3,rye,pe,300,99.69615,94.1216,4537,101.50,33.4596
strobealign-mcs-022a721,map,sim3,rye,pe,500,99.5898,95.29145,7382,103.95,25.3147
strobealign-mcs-022a721,map,sim4,rye,pe,50,98.0671,57.29535,5521,129.66,33.3166
strobealign-mcs-022a721,map,sim4,rye,pe,75,99.43475,69.0326,2299,86.28,33.3893
strobealign-mcs-022a721,map,sim4,rye,pe,100,99.6349,75.9845,6229,69.89,33.4364
strobealign-mcs-022a721,map,sim4,rye,pe,150,99.5834,84.02865,4338,64.77,33.4244
strobealign-mcs-022a721,map,sim4,rye,pe,200,99.53245,87.59345,5519,76.09,33.4705
strobealign-mcs-022a721,map,sim4,rye,pe,300,99.42945,92.74335,8490,95.35,33.4596
strobealign-mcs-022a721,map,sim4,rye,pe,500,99.20715,94.06045,14099,97.77,25.3193
strobealign-mcs-022a721,map,sim5,rye,pe,50,97.5555,55.4398,10842,124.91,33.3166
strobealign-mcs-022a721,map,sim5,rye,pe,75,98.09555,67.13595,4352,83.60,33.3895
strobealign-mcs-022a721,map,sim5,rye,pe,100,99.1716,74.2039,12509,69.12,33.4402
strobealign-mcs-022a721,map,sim5,rye,pe,150,99.1415,82.5733,8546,63.61,33.4243
strobealign-mcs-022a721,map,sim5,rye,pe,200,99.05875,86.20005,10950,74.85,33.4745
strobealign-mcs-022a721,map,sim5,rye,pe,300,98.86655,91.7176,16563,92.85,33.4597
strobealign-mcs-022a721,map,sim5,rye,pe,500,98.44855,92.98705,27455,98.56,25.3191
minimap2,map,sim3,rye,pe,50,90.1201,61.82295,440,78.929,20.1655
minimap2,map,sim3,rye,pe,75,95.9994,75.8233,891,110.205,19.9364
minimap2,map,sim3,rye,pe,100,97.93965,82.7036,1328,137.396,19.7445
minimap2,map,sim3,rye,pe,150,99.21215,88.7057,2204,161.361,19.5997
minimap2,map,sim3,rye,pe,200,99.55265,90.3391,2924,190.168,19.5666
minimap2,map,sim3,rye,pe,300,99.64965,92.29505,4449,563.263,19.6603
minimap2,map,sim3,rye,pe,500,99.5874,93.0928,7339,2065.734,19.6816
minimap2,map,sim4,rye,pe,50,88.12485,57.0012,703,74.833,20.1349
minimap2,map,sim4,rye,pe,75,96.01455,72.7268,1633,105.566,19.9487
minimap2,map,sim4,rye,pe,100,98.11305,80.4333,2372,124.879,19.7567
minimap2,map,sim4,rye,pe,150,99.2197,87.1997,3932,150.860,19.6022
minimap2,map,sim4,rye,pe,200,99.42595,89.0683,5324,181.254,19.575
minimap2,map,sim4,rye,pe,300,99.40995,91.0489,8348,537.139,19.6603
minimap2,map,sim4,rye,pe,500,99.20635,91.96565,13997,1836.514,19.6299
minimap2,map,sim5,rye,pe,50,85.7846,55.0012,1386,73.155,20.1141
minimap2,map,sim5,rye,pe,75,94.26895,70.73815,3107,103.804,19.9457
minimap2,map,sim5,rye,pe,100,96.8825,78.75365,4676,122.292,19.7603
minimap2,map,sim5,rye,pe,150,98.6903,86.19185,7690,148.046,19.6016
minimap2,map,sim5,rye,pe,200,98.93145,88.09075,10559,178.583,19.5779
minimap2,map,sim5,rye,pe,300,98.83885,90.0118,16292,603.160,19.6428
minimap2,map,sim5,rye,pe,500,98.4478,90.621,27243,1770.073,19.6505
